Wetland Plant List - Adapted for Alberta,,Regional Plant List - US Army Corps of Engineers,,,,
Scientific Name (ACIMS),Common Name (ACIMS),WMVC,GP,NCNE,AK,At least 1 Indicator Status?
Abies balsamea,balsam fir,,FAC,FAC,,Y
Abies bifolia,subalpine fir,FACU,,,,Y
Abutilon theophrasti,velvetleaf,FACU,UPL,FACU,,Y
Acer glabrum,mountain maple,FACU,FAC,,FACU,Y
Acer negundo,Manitoba maple,FAC,FAC,FAC,,Y
Achillea alpina,many-flowered yarrow,,,,,N
Achillea millefolium,common yarrow,FACU,FACU,FACU,FACU,Y
Achillea ptarmica,sneezewort yarrow,FACU,FACU,FACU,FACU,Y
Achnatherum hymenoides,Indian rice grass,UPL,FACU,FACU,,Y
Achnatherum nelsonii,Nelson's needlegrass,UPL,UPL,,,Y
Achnatherum richardsonii,Richardson needle grass,UPL,FACU,,FACU,Y
Aconitum delphiniifolium,monkshood,,,,FAC,Y
Acorus americanus,sweet flag,OBL,OBL,OBL,OBL,Y
Actaea rubra,red and white baneberry,FACU,FACU,FACU,FAC,Y
Adenocaulon bicolor,pathfinder,,,,,N
Adiantum aleuticum,western maidenhair fern,FAC,FAC,FACU,FAC,Y
Adoxa moschatellina,moschatel,FAC,FAC,FAC,FAC,Y
Agastache foeniculum,giant hyssop,,,,,N
Agoseris aurantiaca,orange false dandelion,FACU,,,FAC,Y
Agoseris glauca,yellow false dandelion,FAC,FACU,FACU,FAC,Y
Agoseris lackschewitzii,pink false dandelion,,,,,N
Agrimonia striata,agrimony,FACU,FACU,FACU,,Y
Agropyron cristatum,crested wheatgrass,,,,,N
Agropyron fragile,Siberian wheatgrass,,,,,N
Agropyron x brevifolium,wheatgrass hybrid,,,,,N
Agrostemma githago,common corncockle,,,,,N
Agrostis exarata,spike redtop,FACW,FACW,FAC,FACW,Y
Agrostis gigantea,giant bentgrass,FAC,FACW,FACW,FAC,Y
Agrostis mertensii,northern bent grass,FACU,FACU,FACU,FACU,Y
Agrostis scabra,rough hair grass,FAC,FAC,FAC,FAC,Y
Agrostis stolonifera,redtop,FAC,FACW,FACW,FAC,Y
Agrostis variabilis,alpine redtop,,,,,N
Alisma gramineum,narrow-leaved water-plantain,OBL,OBL,OBL,,Y
Alisma triviale,broad-leaved water-plantain,OBL,OBL,OBL,OBL,Y
Alliaria petiolata,garlic mustard,FACU,FACU,FACU,FACU,Y
Allium cernuum,nodding onion,FACU,UPL,FACU,,Y
Allium geyeri,Geyer's onion,FACU,FACU,,,Y
Allium schoenoprasum,wild chives,FACW,FACU,FACU,FAC,Y
Allium textile,prairie onion,,,,,N
Almutaster pauciflorus,few-flowered aster,FACW,FACW,,,Y
Alnus incana,alder,FACW,FACW,FACW,FAC,Y
Alnus viridis,green alder,FACW,FAC,FAC,FAC,Y
Alopecurus aequalis,short-awned foxtail,OBL,OBL,OBL,OBL,Y
Alopecurus arundinaceus,creeping foxtail,FAC,FACW,,,Y
Alopecurus carolinianus,Carolina foxtail,FACW,FACW,FACW,,Y
Alopecurus geniculatus,water foxtail,OBL,OBL,OBL,OBL,Y
Alopecurus magellanicus,alpine foxtail,FACW,FACW,,FACW,Y
Alopecurus pratensis,meadow foxtail,FAC,FACW,FAC,FACW,Y
Alyssum alyssoides,small alyssum,,,,,N
Alyssum desertorum,desert alyssum,,,,,N
Alyssum murale,yellow alyssum,,,,,N
Amaranthus albus,white amaranth,FACU,FACU,FACU,FACU,Y
Amaranthus blitoides,prostrate amaranth,FAC,FAC,FACU,UPL,Y
Amaranthus californicus,Californian amaranth,FACW,FACW,,,Y
Amaranthus powellii,Powell's amaranth,,,,,N
Amaranthus retroflexus,red-root pigweed,FACU,FACU,FACU,UPL,Y
Ambrosia acanthicarpa,bur ragweed,,,,,N
Ambrosia artemisiifolia,common ragweed,FACU,FACU,FACU,FACU,Y
Ambrosia psilostachya,perennial ragweed,FACU,FACU,FAC,,Y
Ambrosia trifida,great ragweed,FAC,FAC,FAC,FAC,Y
Amelanchier alnifolia,saskatoon,FACU,FACU,FACU,UPL,Y
Amphiscirpus nevadensis,Nevada bulrush,,,,,N
Amsinckia menziesii,fiddle-neck,,,,,N
Anaphalis margaritacea,pearly everlasting,FACU,FACU,FACU,UPL,Y
Andromeda polifolia,bog rosemary,OBL,OBL,OBL,FACW,Y
Androsace chamaejasme,sweet-flowered androsace,FACU,FACU,,FACU,Y
Androsace occidentalis,western fairy candelabra,FACU,FACU,UPL,,Y
Androsace septentrionalis,northern fairy candelabra,FACU,FACU,FAC,UPL,Y
Anemone canadensis,Canada anemone,FAC,FACW,FACW,,Y
Anemone cylindrica,long-fruited anemone,,,,,N
Anemone lithophila,Drummond's anemone,,,,,N
Anemone multifida,cut-leaved anemone,,,,,N
Anemone narcissiflora,narcissus anemone,FAC,FAC,,FACU,Y
Anemone occidentalis,western anemone,,,,,N
Anemone parviflora,small wood anemone,FACW,FACU,,FACU,Y
Anemone patens,prairie crocus,,,,,N
Anemone quinquefolia,wood anemone,,FAC,FACU,,Y
Anemone richardsonii,yellow anemone,,,,FAC,Y
Anemone virginiana,Virginia anemone,FACU,FACU,FACU,,Y
Anethum graveolens,dill,,,,,N
Angelica arguta,white angelica,FACW,,,,Y
Angelica dawsonii,yellow angelica,FACW,,,,Y
Angelica genuflexa,kneeling angelica,FACW,,,FACW,Y
Antennaria alpina,alpine everlasting,FACU,,,FACU,Y
Antennaria anaphaloides,tall everlasting,,,,,N
Antennaria aromatica,scented pussytoes,,,,,N
Antennaria corymbosa,corymbose everlasting,FAC,,,,Y
Antennaria dimorpha,cushion everlasting,,,,,N
Antennaria howellii,small pussytoes,,,,,N
Antennaria lanata,woolly everlasting,,,,,N
Antennaria luzuloides,silvery everlasting,,,,,N
Antennaria media,Rocky Mountain pussytoes,FAC,,,,Y
Antennaria microphylla,littleleaf pussytoes,,,,,N
Antennaria monocephala,one-headed everlasting,,,,,N
Antennaria neglecta,broad-leaved everlasting,FACU,FACU,UPL,,Y
Antennaria parvifolia,small-leaved everlasting,,,,,N
Antennaria pulcherrima,showy everlasting,FAC,,,FAC,Y
Antennaria racemosa,racemose everlasting,,,,,N
Antennaria rosea,rosy everlasting,,,,,N
Antennaria umbrinella,brown-bracted mountain everlasting,FACU,FACU,,,Y
Anthemis cotula,mayweed,FACU,FACU,FACU,FACU,Y
Anthoxanthum hirtum,sweet grass,FACW,FACW,FACW,FACW,Y
Anthoxanthum monticola,alpine sweetgrass,,,,,N
Apocynum androsaemifolium,spreading dogbane,FACU,UPL,UPL,UPL,Y
Apocynum cannabinum,Indian hemp,FAC,FAC,FAC,,Y
Apocynum x medium,intermediate dogbane,,,,,N
Aquilegia brevistyla,blue columbine,,,,,N
Aquilegia flavescens,yellow columbine,,,,,N
Aquilegia formosa,Sitka columbine,FAC,,,FACU,Y
Aquilegia jonesii,Jones' columbine,,,,,N
Arabidopsis lyrata,lyreleaf rockcress,FACU,,FACU,FACU,Y
Arabis eschscholtziana,Eschscholtz's rockcress,FACU,FACU,FACU,FACU,Y
Arabis nuttallii,Nuttall's rock cress,,,,,N
Arabis pycnocarpa,hairy rockcress,FACU,FACU,FACU,FACU,Y
Aralia nudicaulis,wild sarsaparilla,FACU,FACU,FACU,,Y
Arceuthobium americanum,dwarf mistletoe,,,,,N
Arctagrostis latifolia,wide-leaved polargrass,,,,FACW,Y
Arctium lappa,great burdock,,,,,N
Arctium minus,common burdock,UPL,FACU,FACU,,Y
Arctium tomentosum,woolly burdock,,,,,N
Arctostaphylos rubra,alpine bearberry,,,,,N
Arctostaphylos uva-ursi,common bearberry,FACU,UPL,UPL,UPL,Y
Arenaria longipedunculata,sandwort,,,,,N
Arenaria serpyllifolia,thyme-leaved sandwort,FACU,FACU,FAC,,Y
Arethusa bulbosa,dragon's mouth,,OBL,OBL,,Y
Aristida purpurea,red three-awn,,,,,N
Armoracia rusticana,horse-radish,,,,,N
Arnica angustifolia,alpine arnica,,,,,N
Arnica chamissonis,leafy arnica,FACW,FACW,,FACW,Y
Arnica cordifolia,heart-leaved arnica,,,,,N
Arnica fulgens,shining arnica,UPL,UPL,,,Y
Arnica gracilis,graceful arnica,,,,,N
Arnica lanceolata,lanceleaf arnica,FACW,FAC,FAC,FAC,Y
Arnica latifolia,broad-leaved arnica,FAC,FAC,,FAC,Y
Arnica lonchophylla,spear-leaved arnica,,,,,N
Arnica longifolia,long-leaved arnica,FACW,FACW,,,Y
Arnica louiseana,Lake Louise arnica,,,,,N
Arnica mollis,cordilleran arnica,FAC,FAC,FAC,FACW,Y
Arnica ovata,lawless arnica,FACW,FACW,,FACW,Y
Arnica parryi,nodding arnica,,,,,N
Arnica rydbergii,narrow-leaved arnica,,,,,N
Arnica sororia,twin arnica,,,,,N
Artemisia abrotanum,southernwood,,,,,N
Artemisia absinthium,absinthe wormwood,,,,,N
Artemisia biennis,biennial sagewort,FACW,FACU,FACW,FAC,Y
Artemisia borealis ssp. borealis,northern wormwood,FACU,UPL,UPL,UPL,Y
Artemisia campestris,plains wormwood,FACU,UPL,UPL,UPL,Y
Artemisia cana,silver sagebrush,FACU,FACU,,FACU,Y
Artemisia dracunculus,dragonwort,FACU,,,,Y
Artemisia frigida,pasture sagewort,,,,,N
Artemisia furcata,forked wormwood,,,,,N
Artemisia longifolia,long-leaved sagewort,,,,,N
Artemisia ludoviciana,prairie sagewort,FACU,UPL,UPL,FACU,Y
Artemisia michauxiana,Michaux's sagewort,,,,,N
Artemisia norvegica,mountain sagewort,FACU,FACW,,FACU,Y
Artemisia tilesii,Herriot's sagewort,FACU,FACU,,FACU,Y
Artemisia tridentata,big sagebrush,,,,,N
Artemisia vulgaris,common wormwood,UPL,UPL,UPL,UPL,Y
Aruncus dioicus,common goatsbeard,FACU,,FACU,UPL,Y
Asarum canadense,Canada wild ginger,,FACU,UPL,,Y
Asclepias ovalifolia,low milkweed,,,,,N
Asclepias speciosa,showy milkweed,FAC,FAC,FAC,,Y
Asclepias viridiflora,green milkweed,,,,,N
Askellia elegans,elegant hawksbeard,,,,,N
Askellia nana,dwarf hawk's-beard,,,,,N
Asparagus officinalis,asparagus,FACU,FACU,FACU,,Y
Asperugo procumbens,madwort,UPL,UPL,FACU,UPL,Y
Asperula arvensis,quinsywort,,,,,N
Asplenium viride,green spleenwort,,,,,N
Aster alpinus,alpine aster,,,,,N
Astragalus agrestis,purple milk vetch,FACW,FACU,FACW,,Y
Astragalus alpinus,alpine milkvetch,FACU,FAC,FAC,FAC,Y
Astragalus americanus,American milk vetch,FAC,FAC,,FAC,Y
Astragalus australis,Indian milkvetch,,,,,N
Astragalus bisulcatus,two-grooved milkvetch,,,,,N
Astragalus bodinii,Bodin's milk vetch,FACW,FAC,,FAC,Y
Astragalus bourgovii,Bourgov's milk vetch,,,,,N
Astragalus canadensis,Canadian milkvetch,FACW,FAC,FAC,,Y
Astragalus cicer,cicer milk vetch,,,,,N
Astragalus crassicarpus,ground-plum,,,,,N
Astragalus drummondii,Drummond's milk vetch,,,,,N
Astragalus eucosmus,elegant milk-vetch,FACU,FACU,FACU,UPL,Y
Astragalus flexuosus,slender milkvetch,,,,,N
Astragalus gilviflorus,cushion milkvetch,,,,,N
Astragalus kentrophyta,prickly milk vetch,,,,,N
Astragalus laxmannii,ascending purple milk-vetch,,,,,N
Astragalus lotiflorus,low milk vetch,,,,,N
Astragalus miser,timber milkvetch,,,,,N
Astragalus missouriensis,Missouri milkvetch,,,,,N
Astragalus pectinatus,narrow-leaved milk vetch,,,,,N
Astragalus purshii,Pursh's milkvetch,,,,,N
Astragalus robbinsii,Robbins' milk vetch,FAC,FAC,UPL,FAC,Y
Astragalus spatulatus,tufted milk vetch,,,,,N
Astragalus tenellus,loose-flowered milk vetch,,,,,N
Astragalus vexilliflexus,few-flowered milkvetch,,,,,N
Athyrium distentifolium var. americanum,alpine lady fern,FAC,FAC,,FAC,Y
Athyrium filix-femina,lady fern,FAC,FAC,FAC,,Y
Atriplex argentea,silver saltbush,FAC,FAC,FAC,,Y
Atriplex canescens,four-wing saltbush,,,,,N
Atriplex dioica,saline saltbush,UPL,FAC,FAC,,Y
Atriplex gardneri,Gardner's saltbush,,,,,N
Atriplex glabriuscula,glabrous orach,,FACU,FACU,,Y
Atriplex heterosperma,Russian atriplex,,,,,N
Atriplex hortensis,garden orache,FAC,FAC,FAC,FACU,Y
Atriplex oblongifolia,saltbush,,,,,N
Atriplex patula,spear orach,FACW,FACW,FACW,FACW,Y
Atriplex powellii,Powell's saltbush,,,,,N
Atriplex prostrata,prostrate saltbush,FAC,FACW,FAC,,Y
Atriplex rosea,red scale saltbush,FACU,FACU,FACU,,Y
Atriplex suckleyi,endolepis,,,,,N
Atriplex truncata,saltbush,FACU,FAC,,,Y
Avena fatua,wild oat,,,,,N
Avena sativa,cultivated oat,UPL,FACU,UPL,UPL,Y
Avenula hookeri,Hooker's oat grass,,,,,N
Axyris amaranthoides,Russian pigweed,,,,,N
Bacopa rotundifolia,water hyssop,OBL,OBL,OBL,,Y
Balsamorhiza sagittata,balsamroot,,,,,N
Barbarea orthoceras,American winter cress,FACW,OBL,OBL,FACW,Y
Barbarea vulgaris,yellow rocket,FAC,FACU,FAC,FACU,Y
Bassia hyssopifolia,five-hook bassia,FACU,FACU,FACU,,Y
Beckmannia syzigachne,slough grass,OBL,OBL,OBL,OBL,Y
Berberis repens,creeping mahonia,,,,,N
Berberis vulgaris,common barberry,UPL,UPL,FACU,,Y
Berteroa incana,hoary alyssum,,,,,N
Besseya wyomingensis,kittentails,,,,,N
Betula glandulosa,bog birch,OBL,OBL,OBL,FAC,Y
Betula nana,arctic dwarf birch,,,,FAC,Y
Betula neoalaskana,Alaska birch,,,,FACU,Y
Betula occidentalis,water birch,FACW,FACW,,FAC,Y
Betula papyrifera,white birch,FAC,FACU,FACU,FACU,Y
Betula pumila,dwarf birch,OBL,OBL,OBL,,Y
Bidens cernua,nodding beggarticks,OBL,OBL,OBL,OBL,Y
Bidens frondosa,common beggarticks,FACW,FACW,FACW,FACW,Y
Bidens tripartita,tall beggarticks,FACW,FACW,FACW,FACW,Y
Bidens vulgata,tall beggarticks,OBL,FAC,FAC,,Y
Bistorta vivipara,alpine bistort,FAC,FACW,FACW,FAC,Y
Blysmopsis rufa,red bulrush,,,,OBL,Y
Boechera calderi,Calder's rockcress,,,,,N
Boechera collinsii,Collins' rockcress,FACU,UPL,,UPL,Y
Boechera drepanoloba,soldier rockcress,,,,,N
Boechera grahamii,limestone rockcress,FACU,FACU,FACU,FACU,Y
Boechera lemmonii,Lemmon's rockcress,UPL,UPL,,UPL,Y
Boechera lyallii,Lyall's rockcress,,,,,N
Boechera pendulocarpa,dangle-pod rockcress,,,,,N
Boechera retrofracta,reflexed rockcress,,,,,N
Boechera stricta,Drummond's rock cress,FACU,FACU,FACU,FACU,Y
Bolboschoenus fluviatilis,river bulrush,,,,,N
Bolboschoenus maritimus,alkali bulrush,,,,,N
Borago officinalis,oxtongue,,,,,N
Boschniakia rossica,ground-cone,,,,FACU,Y
Botrychium ascendens,ascending grape fern,FACU,FAC,FACU,FACU,Y
Botrychium campestre,field grape fern,,,,,N
Botrychium crenulatum,scalloped grapefern,FACW,,,,Y
Botrychium hesperium,western grape fern,FACU,FACU,UPL,,Y
Botrychium lanceolatum,triangle moonwort,FACW,FACW,FACW,FAC,Y
Botrychium lineare,straight-leaf moonwort,,,,,N
Botrychium lunaria,moonwort,FAC,FAC,FACW,FACW,Y
Botrychium matricariifolium,chamomile grape-fern,FACU,FACU,FACU,,Y
Botrychium michiganense,Michigan grapefern,,,,,N
Botrychium minganense,Mingan grape fern,,,,,N
Botrychium pallidum,pale moonwort,,,,,N
Botrychium paradoxum,paradoxical grape fern,,,,,N
Botrychium pedunculosum,stalked grape fern,,,,,N
Botrychium pinnatum,northwestern grapefern,UPL,UPL,,UPL,Y
Botrychium simplex,dwarf grape fern,FAC,FAC,FAC,FACU,Y
Botrychium spathulatum,spatulate grape fern,,,,,N
Botrychium tunux,moosewort,,,,,N
Botrychium virginianum,Virginia grape fern,,,,,N
Botrychium x watertonense,Waterton grapefern,,,,,N
Bouteloua curtipendula,side-oats grama,,,,,N
Bouteloua gracilis,blue grama,,,,,N
Brasenia schreberi,watershield,OBL,OBL,OBL,OBL,Y
Brassica campestris,rape,,,,,N
Brassica juncea,Indian mustard,UPL,FACU,UPL,UPL,Y
Brassica napus,rutabaga,,,,,N
Brassica nigra,black mustard,,,,,N
Brassica rapa,Bird's rape,FACU,UPL,UPL,UPL,Y
Braya glabella,smooth braya,FACW,FACU,,FAC,Y
Braya humilis,low braya,UPL,FACU,FACU,FAC,Y
Brickellia grandiflora,large-flowered brickellia,,,,,N
Briza maxima,big quaking grass,,,,,N
Bromus aleutensis,Alaska brome,,,,,N
Bromus carinatus,keeled brome,,,,,N
Bromus ciliatus,fringed brome,FAC,FAC,FACW,FACU,Y
Bromus commutatus,hairy chess,,,,,N
Bromus hordeaceus,soft chess,FACU,UPL,UPL,FACU,Y
Bromus inermis,smooth brome,UPL,UPL,UPL,UPL,Y
Bromus japonicus,Japanese chess,,,,,N
Bromus latiglumis,Canada brome,,FACW,FACW,,Y
Bromus marginatus,mountain brome,,,,,N
Bromus porteri,Porter's brome,,,,,N
Bromus pumpellianus,Pumpelly brome,,,,,N
Bromus richardsonii,Richardson's brome,FACU,FACU,,FACU,Y
Bromus secalinus,rye chess,,,,,N
Bromus squarrosus,field brome,,,,,N
Bromus tectorum,downy brome,,,,,N
Bromus vulgaris,woodland brome,FACU,UPL,,,Y
Bupleurum americanum,thorough-wax,,,,,N
Butomus umbellatus,flowering-rush,OBL,OBL,OBL,,Y
Calamagrostis canadensis,bluejoint,FACW,FACW,OBL,FAC,Y
Calamagrostis lapponica,Lapland reed grass,,,,FAC,Y
Calamagrostis montanensis,plains reed grass,,,,,N
Calamagrostis purpurascens,purple reed grass,,,,,N
Calamagrostis rubescens,pine reed grass,,,,,N
Calamagrostis stricta,narrow reed grass,FACW,FACW,FACW,FACW,Y
Calamovilfa longifolia,sand grass,,,,,N
Calla palustris,water arum,,OBL,OBL,OBL,Y
Callitriche hermaphroditica,northern water-starwort,OBL,OBL,OBL,OBL,Y
Callitriche palustris,spring water-starwort,OBL,OBL,OBL,OBL,Y
Callitriche stenoptera,narrow-winged water-starwort,FACW,OBL,,OBL,Y
Calochortus apiculatus,mariposa lily,,,,,N
Caltha leptosepala,mountain marsh-marigold,OBL,OBL,,OBL,Y
Caltha natans,floating marsh-marigold,,,OBL,OBL,Y
Caltha palustris,marsh-marigold,OBL,OBL,OBL,OBL,Y
Calypso bulbosa,Venus'-slipper,FACU,FACW,FACW,FAC,Y
Calystegia sepium,wild morning-glory,FAC,FAC,FAC,FAC,Y
Camassia quamash,blue camas,FACW,,,,Y
Camelina alyssum,flat-seed false-flax,FACU,FACU,,,Y
Camelina microcarpa,small-seeded false flax,FACU,UPL,UPL,,Y
Camelina sativa,large-seeded false flax,FACU,FACU,FACU,UPL,Y
Campanula aparinoides,marsh bellflower,OBL,OBL,OBL,,Y
Campanula glomerata,clustered bellflower,,,,,N
Campanula lasiocarpa,Alaska harebell,FACU,,,UPL,Y
Campanula rapunculoides,creeping bellflower,,,,,N
Campanula rotundifolia,harebell,FACU,FAC,FACU,UPL,Y
Campanula uniflora,alpine harebell,FAC,,,UPL,Y
Canadanthus modestus,large northern aster,FACW,FAC,FAC,FAC,Y
Cannabis sativa,hemp,,,,,N
Capnoides sempervirens,pink corydalis,,,,,N
Capsella bursa-pastoris,shepherd's-purse,FACU,FACU,FACU,FACU,Y
Caragana arborescens,common caragana,,,,,N
Cardamine bellidifolia,alpine bitter cress,FAC,,FACW,FAC,Y
Cardamine dentata,toothed bittercress,,,,,N
Cardamine nymanii,northern field bittercress,,,,FACW,Y
Cardamine parviflora,small bittercress,FACW,FACW,FAC,,Y
Cardamine pensylvanica,Pennsylvania bittercress,FACW,FACW,FACW,FACW,Y
Cardamine umbellata,mountain cress,FACW,,,FACW,Y
Carduus acanthoides,plumeless thistle,,,,,N
Carduus nutans,nodding thistle,UPL,FACU,FACU,,Y
Carex adusta,browned sedge,,,,,N
Carex albonigra,black-and-white sedge,FACU,FAC,,FACU,Y
Carex aperta,open sedge,OBL,FACW,,,Y
Carex aquatilis,water sedge,OBL,OBL,OBL,OBL,Y
Carex arcta,narrow sedge,OBL,,OBL,OBL,Y
Carex atherodes,awned sedge,OBL,OBL,OBL,OBL,Y
Carex athrostachya,long-bracted sedge,FACW,FACW,,FAC,Y
Carex atratiformis ssp. raymondii,scabrous black sedge,,,,,N
Carex atrosquama,dark-scaled sedge,FAC,FACU,,FACW,Y
Carex aurea,golden sedge,FACW,OBL,FACW,FACW,Y
Carex backii,Back's sedge,,,,,N
Carex bebbii,Bebb's sedge,OBL,OBL,OBL,OBL,Y
Carex bicolor,two-color sedge,,,,OBL,Y
Carex brevior,slender-beaked sedge,FAC,FAC,FAC,,Y
Carex brunnescens,brownish sedge,OBL,FAC,FACW,FAC,Y
Carex buxbaumii,brown sedge,OBL,OBL,OBL,FACW,Y
Carex canescens,hoary sedge,OBL,OBL,OBL,FACW,Y
Carex capillaris,hair-like sedge,FACW,FACW,FACW,FACW,Y
Carex capitata,capitate sedge,FACW,FACW,FAC,FAC,Y
Carex chordorrhiza,prostrate sedge,OBL,OBL,OBL,OBL,Y
Carex concinna,beautiful sedge,FAC,FACU,FACU,FAC,Y
Carex concinnoides,low northern sedge,,,,,N
Carex cordillerana,cordilleran sedge,,,,,N
Carex crawei,Crawe's sedge,FACW,FACW,FACW,,Y
Carex crawfordii,Crawford's sedge,FACW,OBL,FACW,FAC,Y
Carex deflexa,bent sedge,,,,,N
Carex deweyana,Dewey's sedge,FAC,FACU,FACU,FACU,Y
Carex diandra,two-stamened sedge,OBL,OBL,OBL,OBL,Y
Carex disperma,two-seeded sedge,FACW,FACW,OBL,FACW,Y
Carex douglasii,Douglas sedge,FAC,FAC,,,Y
Carex duriuscula,low sedge,,,,,N
Carex eburnea,bristle-leaved sedge,FACU,FACU,FACU,FACU,Y
Carex echinata,little prickly sedge,OBL,OBL,OBL,OBL,Y
Carex epapillosa,blackened sedge,,,,,N
Carex filifolia,thread-leaved sedge,,,,,N
Carex flava,yellow sedge,OBL,OBL,OBL,OBL,Y
Carex foenea,silvery-flowered sedge,FACU,UPL,UPL,FACU,Y
Carex fuliginosa ssp. misandra,nodding sedge,,,,,N
Carex garberi,elk sedge,FACW,FACW,FACW,FACW,Y
Carex geyeri,Geyer's sedge,,,,,N
Carex glacialis,glacier sedge,,,,,N
Carex gynocrates,northern bog sedge,OBL,OBL,OBL,OBL,Y
Carex haydeniana,Hayden's sedge,FAC,FACU,,,Y
Carex heleonastes,Hudson Bay sedge,,,OBL,OBL,Y
Carex hoodii,Hood's sedge,FACU,UPL,,FACU,Y
Carex hookeriana,Hooker's sedge,,,,,N
Carex houghtoniana,sand sedge,,,,,N
Carex hystericina,porcupine sedge,OBL,OBL,OBL,,Y
Carex illota,small-headed sedge,FACW,FACW,,,Y
Carex incurviformis,curved-spike sedge,FAC,FAC,,FAC,Y
Carex infirminervia,weak-nerved sedge,FAC,FAC,,,Y
Carex inops,Long-stolon Sedge,,,,,N
Carex interior,inland sedge,OBL,OBL,OBL,OBL,Y
Carex lachenalii,two-parted sedge,OBL,OBL,,OBL,Y
Carex lacustris,lakeshore sedge,OBL,OBL,OBL,,Y
Carex lapponica,Lapland sedge,,,,OBL,Y
Carex lasiocarpa,hairy-fruited sedge,OBL,OBL,OBL,OBL,Y
Carex lenticularis,shore sedge,OBL,OBL,OBL,OBL,Y
Carex leptalea,bristle-stalked sedge,OBL,OBL,OBL,OBL,Y
Carex limosa,mud sedge,OBL,OBL,OBL,OBL,Y
Carex livida,livid sedge,OBL,OBL,OBL,OBL,Y
Carex loliacea,rye-grass sedge,,,,OBL,Y
Carex macloviana,thick-spike sedge,FACW,FACW,,FAC,Y
Carex magellanica,bog sedge,OBL,OBL,OBL,OBL,Y
Carex maritima,seaside sedge,,,,FAC,Y
Carex media,intermediate sedge,FACW,FACW,FACW,FACW,Y
Carex mertensii,purple sedge,FAC,FAC,,FACW,Y
Carex microglochin,short-awned sedge,FACW,OBL,OBL,OBL,Y
Carex microptera,small-winged sedge,FACU,FAC,,FAC,Y
Carex nardina,fragrant sedge,FACU,FACU,,FACU,Y
Carex nebrascensis,Nebraska sedge,OBL,OBL,OBL,,Y
Carex nigricans,black alpine sedge,FACW,FACW,,FACW,Y
Carex obtusata,blunt sedge,,,,,N
Carex oligosperma,few-fruited sedge,,OBL,OBL,,Y
Carex pachystachya,sedge,FAC,FAC,,FAC,Y
Carex parryana,Parry's sedge,FACW,FACW,FACW,FACW,Y
Carex pauciflora,few-flowered sedge,OBL,OBL,OBL,OBL,Y
Carex paysonis,Payson's sedge,FACU,FACU,,FACU,Y
Carex peckii,Peck's sedge,,,,,N
Carex pedunculata,stalked sedge,OBL,OBL,FAC,,Y
Carex pellita,woolly sedge,OBL,OBL,OBL,,Y
Carex petasata,pasture sedge,UPL,UPL,,UPL,Y
Carex petricosa,stone sedge,,,,,N
Carex phaeocephala,head-like sedge,UPL,FACU,,FAC,Y
Carex podocarpa,alpine sedge,FAC,FAC,,FAC,Y
Carex praegracilis,graceful sedge,FACW,FACW,FACW,FACW,Y
Carex prairea,prairie sedge,OBL,OBL,FACW,,Y
Carex praticola,meadow sedge,FACW,FAC,FAC,FAC,Y
Carex preslii,Presl sedge,FACU,FACU,,FACU,Y
Carex pseudocyperus,cyperus-like sedge,,OBL,OBL,,Y
Carex pyrenaica,spiked sedge,,,,,N
Carex raynoldsii,Raynold's sedge,FACU,FACU,,,Y
Carex retrorsa,turned sedge,OBL,OBL,OBL,,Y
Carex richardsonii,Richardson's sedge,FAC,FAC,UPL,,Y
Carex rossii,Ross' sedge,,,,,N
Carex rostrata,beaked sedge,OBL,OBL,OBL,OBL,Y
Carex rupestris,rock sedge,FACU,FACU,,FACU,Y
Carex sartwellii,Sartwell's sedge,OBL,FACW,OBL,OBL,Y
Carex saxatilis,rocky-ground sedge,OBL,OBL,FACW,FACW,Y
Carex saximontana,Rocky Mountain sedge,,,,,N
Carex scirpoidea,rush-like sedge,FAC,FACU,FACU,FACU,Y
Carex scoparia,broom sedge,FACW,FACW,FACW,,Y
Carex scopulorum,Holn's Rocky Mountain sedge,OBL,FACW,,,Y
Carex siccata,hay sedge,FACU,UPL,UPL,FACU,Y
Carex simulata,mimic sedge,OBL,OBL,,,Y
Carex spectabilis,showy sedge,FACW,FACW,,FACW,Y
Carex sprengelii,Sprengel's sedge,FAC,FACU,FAC,FAC,Y
Carex stipata,awl-fruited sedge,OBL,OBL,OBL,OBL,Y
Carex supina,weak sedge,,,,,N
Carex sychnocephala,long-beaked sedge,FACW,FACW,FACW,FACW,Y
Carex tahoensis,Lake Tahoe sedge,,,,,N
Carex tenera,broad-fruited sedge,FACW,FACW,FAC,,Y
Carex tenuiflora,thin-flowered sedge,OBL,OBL,OBL,OBL,Y
Carex tonsa,bald sedge,,,,,N
Carex torreyi,Torrey's sedge,FAC,UPL,FACU,,Y
Carex trisperma,three-seeded sedge,,OBL,OBL,,Y
Carex umbellata,umbellate sedge,,,,,N
Carex utriculata,small bottle sedge,OBL,OBL,OBL,OBL,Y
Carex vaginata,sheathed sedge,OBL,OBL,OBL,OBL,Y
Carex vesicaria,blister sedge,OBL,OBL,OBL,,Y
Carex viridula,green sedge,OBL,OBL,OBL,OBL,Y
Carex vulpinoidea,fox sedge,OBL,FACW,OBL,,Y
Carex xerantica,white-scaled sedge,,,,,N
Carthamus tinctorius,safflower,,,,,N
Carum carvi,caraway,FACU,UPL,UPL,,Y
Cassiope mertensiana,western mountain-heather,FACU,FACU,,UPL,Y
Cassiope tetragona,white mountain-heather,FACU,FACU,,FACU,Y
Castilleja cusickii,yellow paintbrush,,,,,N
Castilleja hispida,hispid paintbrush,,,,,N
Castilleja lutescens,stiff yellow paintbrush,,,,,N
Castilleja miniata,common red paintbrush,FACW,FAC,,FAC,Y
Castilleja occidentalis,lance-leaved paintbrush,FAC,FAC,,,Y
Castilleja parviflora,small-flowered Indian paintbrush,FAC,,,FACW,Y
Castilleja raupii,purple paintbrush,,,,FAC,Y
Castilleja rhexiifolia,alpine red paintbrush,FAC,FAC,,,Y
Castilleja sessiliflora,downy paintbrush,,,,,N
Catabrosa aquatica,brook grass,OBL,OBL,OBL,OBL,Y
Ceanothus velutinus,snowbrush ceanothus,,,,,N
Centaurea cyanus,cornflower,FACU,FACU,UPL,UPL,Y
Centaurea diffusa,diffuse knapweed,,,,,N
Centaurea jacea,brown knapweed,FACU,FACU,FACU,,Y
Centaurea macrocephala,bighead knapweed,,,,,N
Centaurea montana,mountain star-thistle,,,,,N
Centaurea solstitialis,yellow star-thistle,,,,,N
Centaurea stoebe ssp. micranthos,spotted knapweed,,,,,N
Cerastium arvense,field mouse-ear chickweed,FACU,FACU,FACU,FAC,Y
Cerastium beeringianum,alpine mouse-ear chickweed,FACU,FAC,,FAC,Y
Cerastium brachypodum,short-stalk mouse-ear chickweed,FAC,FACU,FACU,,Y
Cerastium fontanum,common mouse-ear chickweed,FACU,FACU,FACU,FACU,Y
Cerastium nutans,long-stalked mouse-ear chickweed,FACU,FAC,FACU,,Y
Ceratocephala testiculata,curveseed butterwort,,,,,N
Ceratophyllum demersum,hornwort,OBL,OBL,OBL,OBL,Y
Chaenactis douglasii,hoary pincushion,,,,,N
Chaenorhinum minus,dwarf snapdragon,,,,,N
Chamaedaphne calyculata,leatherleaf,,OBL,OBL,FACW,Y
Chamaerhodos erecta,chamaerhodos,,,,,N
Chamerion angustifolium,common fireweed,FACU,FAC,FAC,FACU,Y
Chamerion latifolium,broad-leaved fireweed,FACW,,,FAC,Y
Chelidonium majus,greater celandine,FACU,FACU,UPL,,Y
Chenopodiastrum simplex,maple-leaved goosefoot,,,,,N
Chenopodium album,lamb's-quarters,FACU,FACU,FACU,FACU,Y
Chenopodium atrovirens,dark-green goosefoot,,,,,N
Chenopodium berlandieri,Berlandier goosefoot,,,,,N
Chenopodium capitatum,strawberry blite,,,,,N
Chenopodium desiccatum,aridland goosefoot,,,,,N
Chenopodium fremontii,Fremont's goosefoot,FACU,FACU,FACU,,Y
Chenopodium hians,gaping goosefoot,,,,,N
Chenopodium humile,marshland goosefoot,,,,,N
Chenopodium incanum,mealy goosefoot,,,,,N
Chenopodium leptophyllum,narrow-leaved goosefoot,FACU,FACU,FACU,FACU,Y
Chenopodium pratericola,meadow goosefoot,,,,,N
Chenopodium rubrum,red goosefoot,FACW,OBL,OBL,OBL,Y
Chenopodium salinum,oak-leaved goosefoot,,,,,N
Chenopodium subglabrum,smooth goosefoot,,,,,N
Chenopodium watsonii,Watson's goosefoot,,,,,N
Chimaphila umbellata,prince's-pine,,,,,N
Chorispora tenella,blue mustard,,,,,N
Chrysosplenium iowense,golden saxifrage,,,,,N
Chrysosplenium tetrandrum,green saxifrage,OBL,,,OBL,Y
Cichorium intybus,chicory,FACU,FACU,FACU,,Y
Cicuta bulbifera,bulb-bearing water-hemlock,OBL,OBL,OBL,OBL,Y
Cicuta maculata,water-hemlock,OBL,OBL,OBL,OBL,Y
Cicuta virosa,narrow-leaved water-hemlock,,,,OBL,Y
Cinna latifolia,drooping wood-reed,FACW,OBL,FACW,FACW,Y
Circaea alpina,small enchanter's nightshade,FAC,FACW,FACW,FACW,Y
Cirsium arvense,creeping thistle,FAC,FACU,FACU,FAC,Y
Cirsium drummondii,Drummond's thistle,FAC,FAC,,,Y
Cirsium flodmanii,Flodman's thistle,FAC,FAC,FACU,,Y
Cirsium foliosum,leafy thistle,FAC,FACU,,FACU,Y
Cirsium hookerianum,white thistle,,,,,N
Cirsium scariosum,meadow thistle,FAC,FAC,,,Y
Cirsium undulatum,wavy-leaved thistle,FACU,FACU,FACU,,Y
Cirsium vulgare,bull thistle,FACU,UPL,FACU,UPL,Y
Claytonia lanceolata,western spring beauty,FAC,FACW,,,Y
Claytonia megarhiza,alpine spring beauty,FACU,FACU,,,Y
Clematis ligusticifolia,western clematis,FAC,FACU,,,Y
Clematis occidentalis,purple clematis,,,,,N
Clematis tangutica,yellow clematis,,,,,N
Clintonia uniflora,corn lily,,,,,N
Coeloglossum viride,bracted bog orchid,FAC,FACU,FAC,FACW,Y
Collinsia parviflora,blue-eyed Mary,,,,,N
Collomia linearis,narrow-leaved collomia,FACU,FACU,FACU,FACU,Y
Comandra umbellata,common comandra,FACU,UPL,FACU,FACU,Y
Comarum palustris,marsh cinquefoil,,,,,N
Conimitella williamsii,conimitella,,,,,N
Conium maculatum,poison hemlock,FAC,FACW,FACW,,Y
Conringia orientalis,hare's-ear mustard,,,,,N
Convolvulus arvensis,field bindweed,,,,,N
Coptidium lapponicum,Lapland buttercup,,OBL,OBL,OBL,Y
Coptis trifolia,goldthread,,FACW,FACW,FAC,Y
Corallorhiza maculata,spotted coralroot,UPL,UPL,FACU,UPL,Y
Corallorhiza mertensiana,Merten coralroot,,,,,N
Corallorhiza striata,striped coralroot,FACU,UPL,FACU,,Y
Corallorhiza trifida,pale coralroot,FAC,FAC,FACW,FACW,Y
Coreopsis tinctoria,common tickseed,FACU,FAC,FACU,,Y
Corispermum americanum,American bugseed,FACU,FACU,FACU,,Y
Corispermum hookeri,Hooker's bugseed,,,,,N
Corispermum pallasii,Pallas' bugseed,,,,,N
Corispermum villosum,hairy bugseed,,,,,N
Cornus canadensis,bunchberry,FAC,FACU,FAC,FACU,Y
Cornus stolonifera,red-osier dogwood,FACW,FACW,FACW,FAC,Y
Cornus unalaschkensis,western bunchberry,,,,,N
Corydalis aurea,golden corydalis,,,,,N
Corylus cornuta,beaked hazelnut,FACU,UPL,FACU,,Y
Coryphantha vivipara,cushion cactus,,,,,N
Cota tinctoria,yellow chamomile,,,,,N
Cotoneaster lucidus,Peking cotoneaster,,,,,N
Crataegus aquacervensis,Elkwater hawthorn,,,,,N
Crataegus castlegarensis,Castlegar hawthorn ,,,,,N
Crataegus chrysocarpa,round-leaved hawthorn,,,,,N
Crataegus cupressocollina,Cypress Hills hawthorn,,,,,N
Crataegus douglasii,Douglas hawthorn,FAC,FAC,FAC,FAC,Y
Crataegus macracantha,western hawthorn,,,,,N
Crataegus rivuloadamensis,Adams Creek hawthorn,,,,,N
Crataegus rivulopugnensis,Battle Creek hawthorn,,,,,N
Crataegus rubribracteolata,Red bracteole hawthorn,,,,,N
Crataegus sheridana,Great Plains hawthorn,,,,,N
Crataegus ursopedensis,Bear's Paw hawthorn,,,,,N
Crepis atribarba,slender hawk's-beard,,,,,N
Crepis capillaris,green hawk's-beard,FACU,UPL,UPL,UPL,Y
Crepis intermedia,intermediate hawk's-beard,,,,,N
Crepis occidentalis,small-flowered hawk's-beard,,,,,N
Crepis runcinata,scapose hawk's-beard,FACU,FAC,FACW,,Y
Crepis runcinata spp. glauca,scapose hawk's-beard,,,,,N
Crepis tectorum,annual hawk's-beard,,,,,N
Cryptantha celosioides,cock's-comb cryptantha,,,,,N
Cryptantha fendleri,Fendler's cryptanthe,,,,,N
Cryptantha kelseyana,Kelsey's cat's eye,,,,,N
Cryptantha minima,tiny cryptantha,,,,,N
Cryptogramma acrostichoides,parsley fern,,,,,N
Cryptogramma stelleri,Steller's rock brake,FACU,,FACU,FAC,Y
Cuscuta gronovii,swamp dodder,,,,,N
Cuscuta megalocarpa,big-fruit dodder,,,,,N
Cyclachaena xanthiifolia,false ragweed,FAC,FAC,FAC,,Y
Cymopterus glomeratus,plains spring parsley,,,,,N
Cynoglossum officinale,hound's-tongue,FACU,FACU,UPL,,Y
Cynoglossum virginianum,wild comfrey,,,,,N
Cyperus schweinitzii,sand nut-grass,FAC,FACU,FACU,,Y
Cyperus squarrosus,awned nut-grass,OBL,OBL,OBL,,Y
Cypripedium acaule,stemless lady's-slipper,,FACW,FACW,,Y
Cypripedium montanum,mountain lady's-slipper,FACU,,,FACU,Y
Cypripedium parviflorum,yellow lady's-slipper,FACW,FACW,FAC,FACW,Y
Cypripedium passerinum,sparrow's-egg lady's-slipper,FACW,,,FAC,Y
Cystopteris fragilis,fragile bladder fern,FACU,FACU,FACU,FACU,Y
Cystopteris montana,mountain bladder fern,FAC,,,FAC,Y
Dactylis glomerata,orchard grass,FACU,FACU,FACU,FACU,Y
Dalea candida,white prairie-clover,,,,,N
Dalea purpurea,purple prairie-clover,,,,,N
Danthonia californica,California oat grass,FAC,FACU,FACU,,Y
Danthonia intermedia,intermediate oat grass,FACU,FAC,FAC,FAC,Y
Danthonia parryi,Parry oat grass,,,,,N
Danthonia spicata,poverty oat grass,,,,,N
Danthonia unispicata,one-spike oat grass,,,,,N
Dasiphora fruticosa,shrubby cinquefoil,FAC,FACW,FACW,FAC,Y
Datura stramonium,jimsonweed,,,,,N
Daucus carota,wild carrot,FACU,UPL,UPL,,Y
Delphinium bicolor,low larkspur,,,,,N
Delphinium glaucum,tall larkspur,FACW,FACW,,FACW,Y
Delphinium nuttallianum,Nuttall's larkspur,FAC,FACU,,,Y
Deschampsia cespitosa,tufted hair grass,FACW,FACW,FACW,FAC,Y
Deschampsia elongata,slender hair grass,FACW,FAC,FACW,FAC,Y
Descurainia incana,grey tansy mustard,FACU,UPL,UPL,UPL,Y
Descurainia incisa,mountain tansy mustard,,,,,N
Descurainia pinnata,green tansy mustard,,,,,N
Descurainia sophia,flixweed,,,,,N
Descurainia sophioides,northern tansy-mustard,,,,,N
Dianthus armeria,grass pink,FACU,UPL,UPL,,Y
Dianthus barbatus,sweet William,,,,,N
Dianthus deltoides,maiden pink,FAC,UPL,UPL,,Y
Dianthus plumarius,garden pink,,,,,N
Dianthus seguieri,European pink,,,,,N
Dichanthelium acuminatum,hairy panicgrass,FAC,FAC,FAC,,Y
Dichanthelium leibergii,Leiberg's millet,FACU,FACU,FACU,,Y
Dichanthelium oligosanthes,sand millet,FACU,FACU,FACU,,Y
Dichanthelium wilcoxianum,Wilcox's panicgrass,,,,,N
Dieteria canescens,hoary aster,FAC,UPL,FAC,,Y
Digitaria ischaemum,smooth crabgrass,FACU,UPL,FACU,,Y
Digitaria sanguinalis,crabgrass,FACU,FACU,FACU,,Y
Diphasiastrum alpinum,alpine club-moss,FAC,,FACU,FACU,Y
Diphasiastrum complanatum,ground-cedar,FAC,,FACU,FACU,Y
Diphasiastrum sitchense,ground-fir,,,,,N
Diplotaxis muralis,sand rocket,,,,,N
Distichlis spicata,saltgrass,FACW,FACW,FACW,,Y
Dodecatheon conjugens,mountain shooting star,FACU,FACU,,,Y
Dodecatheon pulchellum,saline shooting star,FACW,FACW,,FACW,Y
Doellingeria umbellata,flat-topped white aster,,OBL,FACW,,Y
Douglasia montana,mountain dwarf-primula,,,,,N
Downingia laeta,downingia,OBL,,,,Y
Draba albertina,slender draba,FAC,FAC,,FAC,Y
Draba aurea,golden draba,FACU,FAC,,UPL,Y
Draba borealis,boreal draba,,,,,N
Draba cana,hoary draba,,,,,N
Draba crassifolia,snowbed draba,,,,,N
Draba densifolia,dense-leaved draba,,,,,N
Draba fladnizensis,Austrian draba,,,,,N
Draba glabella,smooth draba,,,,,N
Draba incerta,Yellowstone draba,,,,,N
Draba juvenilis,long-stalked draba,,,,,N
Draba lonchocarpa,lance-pod draba,UPL,,,UPL,Y
Draba macounii,Macoun's draba,,,,,N
Draba nemorosa,woodland draba,,,,,N
Draba nivalis,snow draba,,,,,N
Draba novolympica,Mt. Olympic draba,,,,,N
Draba oligosperma,few-seed draba,,,,,N
Draba porsildii,Porsild's draba,,,,,N
Draba praealta,tall draba,FAC,,,UPL,Y
Draba reptans,creeping draba,,,,,N
Draba ruaxes,coast mountain draba,,,,,N
Draba stenoloba,Alaska draba,FAC,UPL,,FACU,Y
Draba ventosa,Wind River draba,,,,,N
Draba verna,spring draba,,,,,N
Dracocephalum parviflorum,American dragonhead,FACU,FACU,FACU,FACU,Y
Dracocephalum thymiflorum,thyme-leaved dragonhead,,,,,N
Drosera anglica,oblong-leaved sundew,OBL,,OBL,OBL,Y
Drosera linearis,slender-leaved sundew,OBL,,OBL,,Y
Drosera rotundifolia,round-leaved sundew,OBL,OBL,OBL,OBL,Y
Dryas drummondii,yellow mountain avens,FACU,,,FACU,Y
Dryas hookeriana,white mountain avens,,,,,N
Dryas integrifolia,northern white mountain avens,FACU,FACU,FACU,FACU,Y
Dryas x sundermannii,hybrid mountain avens,,,,,N
Drymocallis arguta,white cinquefoil,FACU,FACU,FACU,,Y
Dryopteris carthusiana,narrow spinulose shield fern,FAC,FACW,FACW,,Y
Dryopteris cristata,crested shield fern,FACW,OBL,OBL,,Y
Dryopteris expansa,broad spinulose shield fern,FACW,,FAC,FACU,Y
Dryopteris filix-mas,male fern,,,,,N
Dryopteris fragrans,fragrant shield fern,,,,,N
Dyssodia papposa,fetid dogweed,,,,,N
Echinochloa crusgalli,barnyard grass,,,,,N
Echinochloa muricata,rough barnyard grass ,FACW,FACW,OBL,,Y
Echinocystis lobata,wild cucumber,FACU,FAC,FACW,,Y
Echium vulgare,blueweed,,,,,N
Elaeagnus angustifolia,Russian olive,FAC,FACU,FACU,,Y
Elaeagnus commutata,silverberry,FAC,UPL,UPL,FAC,Y
Elatine triandra,waterwort,,,OBL,,Y
Eleocharis acicularis,needle spike-rush,OBL,OBL,OBL,OBL,Y
Eleocharis compressa,flat-stem spikerush,FACW,FACW,FACW,,Y
Eleocharis elliptica,slender spikerush,OBL,OBL,OBL,,Y
Eleocharis engelmannii,Engelmann's spike-rush,OBL,FACW,FACW,,Y
Eleocharis erythropoda,bald spikerush,,,,,N
Eleocharis macrostachya,creeping spikerush,,,,,N
Eleocharis mamillata,spike-rush,OBL,OBL,OBL,OBL,Y
Eleocharis ovata,ovate spikerush ,,,,,N
Eleocharis palustris,creeping spike-rush,OBL,OBL,OBL,OBL,Y
Eleocharis quinqueflora,few-flowered spike-rush,OBL,OBL,OBL,OBL,Y
Eleocharis suksdorfiana,Suksdorf's spikerush,OBL,OBL,,,Y
Eleocharis uniglumis,creeping spikerush,,,,,N
Ellisia nyctelea,waterpod,FACU,FACU,FAC,,Y
Elodea bifoliata,two-leaved waterweed,OBL,OBL,OBL,,Y
Elodea canadensis,Canada waterweed,OBL,OBL,OBL,OBL,Y
Elymus × pseudorepens,Rydberg's wildrye,,,,,N
Elymus albicans,awned northern wheat grass,,,,,N
Elymus curvatus,awnless wildrye,FAC,FAC,FAC,,Y
Elymus elymoides,squirreltail,FACU,UPL,,,Y
Elymus glaucus,smooth wild rye,FACU,FACU,FACU,FACU,Y
Elymus lanceolatus,northern wheat grass,FACU,FACU,FACU,UPL,Y
Elymus repens,quackgrass,FAC,FACU,FACU,FACU,Y
Elymus scribneri,Scribner's wheat grass,,,,,N
Elymus trachycaulus,slender wheatgrass,FAC,FACU,FACU,FACU,Y
Elymus violaceus,high wildrye,,,,,N
Elymus virginicus,Virginia wildrye,FACW,FAC,FACW,,Y
Elymus x mossii,wheatgrass hybrid,,,,,N
Empetrum nigrum,crowberry,FAC,,FAC,FAC,Y
Epilobium anagallidifolium,alpine willowherb,FACU,FAC,FACW,FAC,Y
Epilobium brachycarpum,annual willowherb,FAC,,,,Y
Epilobium campestre,smooth boisduvalia,OBL,FACW,,,Y
Epilobium ciliatum,northern willowherb,FACW,FACW,FACW,FAC,Y
Epilobium clavatum,club willowherb,FACU,FACU,,FAC,Y
Epilobium glaberrimum,glaucous willowherb,FACW,FACW,,,Y
Epilobium halleanum,Hall's willowherb,,,,,N
Epilobium hornemannii,Hornemann's willowherb,FACW,FACW,FACW,FACW,Y
Epilobium lactiflorum,white-flowered willowherb,FACW,FACW,FACW,FACW,Y
Epilobium leptocarpum,slender-fruit willowherb,FACW,FACW,,FACW,Y
Epilobium leptophyllum,narrow-leaved willowherb,FACW,OBL,OBL,FACW,Y
Epilobium luteum,yellow willowherb,FACW,,,FACW,Y
Epilobium palustre,marsh willowherb,OBL,OBL,OBL,OBL,Y
Epilobium saximontanum,Rocky Mountain willowherb,FACW,FACW,,,Y
Equisetum arvense,common horsetail,FAC,FAC,FAC,FAC,Y
Equisetum fluviatile,swamp horsetail,OBL,OBL,OBL,OBL,Y
Equisetum hyemale,common scouring-rush,FACW,FACW,FAC,FACW,Y
Equisetum laevigatum,smooth scouring-rush,FACW,FAC,FACW,,Y
Equisetum palustre,marsh horsetail,FACW,FACW,FACW,FACW,Y
Equisetum pratense,meadow horsetail,FACW,FACW,FACW,FACW,Y
Equisetum scirpoides,dwarf scouring-rush,FAC,FAC,FAC,FACU,Y
Equisetum sylvaticum,woodland horsetail,FAC,FACW,FACW,FAC,Y
Equisetum variegatum,variegated horsetail,FACW,FACW,FACW,FACW,Y
Equisetum x ferrissii,Ferriss' scouring-rush,FACW,FACW,FACW,,Y
Equisetum x litorale,shore horsetail,OBL,OBL,OBL,OBL,Y
Equisetum x mackaii,MacKay's scouring-rush,FACW,OBL,FACW,FACW,Y
Equisetum x nelsonii,Nelson's scouring-rush,OBL,OBL,FAC,,Y
Eragrostis cilianensis,skunk-grass,FACU,FACU,FACU,,Y
Eremogone capillaris,linear-leaved sandwort,FACU,,,UPL,Y
Eremogone congesta,rocky-ground sandwort,,,,,N
Eremopyrum triticeum,annual wheat grass,,,,,N
Ericameria nauseosa,rabbitbrush,,,,,N
Erigeron acris,northern daisy fleabane,FACU,FAC,FAC,FAC,Y
Erigeron annuus,whitetop,FACU,FACU,FACU,,Y
Erigeron aureus,golden fleabane,,,,,N
Erigeron caespitosus,tufted fleabane,,,,,N
Erigeron canadensis,horseweed,FACU,FACU,FACU,UPL,Y
Erigeron compositus,cut-leaved fleabane,,,,,N
Erigeron divergens,diffuse fleabane,,,,,N
Erigeron elatus,tall fleabane,,,,,N
Erigeron flagellaris,creeping fleabane,FACU,FAC,FAC,,Y
Erigeron glabellus,smooth fleabane,FAC,FACW,FACW,FACU,Y
Erigeron glacialis,subalpine fleabane,FACW,,,FACW,Y
Erigeron grandiflorus,large-flowered fleabane,,,,,N
Erigeron humilis,purple fleabane,FACW,,,FACW,Y
Erigeron hyssopifolius,wild daisy fleabane,,,FACW,,Y
Erigeron lackschewitzii,front-range fleabane,,,,,N
Erigeron lanatus,woolly fleabane,FACU,,,,Y
Erigeron lonchophyllus,short-rayed fleabane,FACW,FACW,FACW,FACW,Y
Erigeron nivalis,snow fleabane,FAC,,,FACU,Y
Erigeron ochroleucus,buff fleabane,,,,,N
Erigeron pallens,pale alpine fleabane,,,,,N
Erigeron peregrinus,wandering daisy,FACW,,,FACW,Y
Erigeron philadelphicus,Philadelphia fleabane,FACU,FAC,FAC,,Y
Erigeron pumilus,hairy fleabane,,,,,N
Erigeron radicatus,dwarf fleabane,,,,,N
Erigeron speciosus,showy fleabane,,,,,N
Erigeron strigosus,rough fleabane,FACU,FACU,FACU,,Y
Erigeron trifidus,trifid-leaved fleabane,,,,,N
Erigeron x arthurii,cliff fleabane,,,,,N
Eriogonum androsaceum,cushion umbrella-plant,,,,,N
Eriogonum cernuum,nodding umbrella-plant,,,,,N
Eriogonum flavum,yellow umbrella-plant,,,,,N
Eriogonum ovalifolium,silver-plant,FACU,UPL,,,Y
Eriogonum pauciflorum,few-flower buckwheat,,,,,N
Eriogonum umbellatum,subalpine umbrellaplant,,,,,N
Eriophorum angustifolium,narrowleaf cotton-grass,OBL,OBL,OBL,OBL,Y
Eriophorum brachyantherum,close-sheathed cotton grass,,,,OBL,Y
Eriophorum callitrix,beautiful cotton grass,OBL,,,FACW,Y
Eriophorum chamissonis,russett cotton grass,OBL,OBL,OBL,OBL,Y
Eriophorum gracile,slender cotton grass,OBL,OBL,OBL,OBL,Y
Eriophorum scheuchzeri,one-spike cotton grass,OBL,,,OBL,Y
Eriophorum vaginatum,sheathed cotton grass,,OBL,OBL,FACW,Y
Eriophorum viridi-carinatum,thin-leaved cotton grass,,,,,N
Erodium cicutarium,common storksbill,,,,,N
Eruca vesicaria,garden rocket,,,,,N
Erucastrum gallicum,dog mustard,,,,,N
Eryngium planum,cross-thistle,,,,,N
Erysimum asperum,prairie rocket,,,,,N
Erysimum cheiranthoides,wormseed mustard,FACU,FACU,FACU,UPL,Y
Erysimum coarctatum,crowded wormseed mustard,,,,,N
Erysimum inconspicuum,small-flowered rocket,,,,,N
Erysimum pallasii,purple alpine rocket,,,,,N
Erythronium grandiflorum,glacier lily,FACU,,,,Y
Eschscholzia californica,California poppy,,,,,N
Eucephalus engelmannii,elegant aster,,,,,N
Euphorbia agraria,field spurge,,,,,N
Euphorbia esula,leafy spurge,,,,,N
Euphorbia glyptosperma,ridge-seeded spurge,,,,,N
Euphorbia helioscopia,wartweed,,,,,N
Euphorbia peplus,petty spurge,,,,,N
Euphorbia serpyllifolia,thyme-leaved spurge,,,,,N
Euphrasia hudsoniana,eyebright,,,,,N
Euphrasia nemorosa,common eyebright,,,,,N
Euphrasia subarctica,subarctic eyebright,,,,,N
Eurybia conspicua,showy aster,,,,,N
Eurybia sibirica,Arctic aster,UPL,FAC,,FAC,Y
Euthamia graminifolia,flat-topped goldenrod,FAC,FACW,FAC,,Y
Eutrema salsugineum,mouse-ear cress,,,,,N
Eutrochium maculatum,spotted Joe-pye weed,OBL,OBL,OBL,,Y
Fagopyrum esculentum,common buckwheat,,,,,N
Fagopyrum tataricum,tartary buckwheat,,,,,N
Fallopia convolvulus,wild buckwheat,FACU,FACU,FACU,FACU,Y
Fallopia japonica,Japanese knotweed,,,,,N
Fallopia scandens,climbing false buckwheat,FACU,FACU,FAC,,Y
Festuca altaica,northern rough fescue,,,FACU,FAC,Y
Festuca baffinensis,Arctic fescue,,,,,N
Festuca brachyphylla,alpine fescue,,,,,N
Festuca campestris,mountain rough fescue,,,,,N
Festuca hallii,plains rough fescue,,,,,N
Festuca idahoensis,bluebunch fescue,FACU,UPL,,,Y
Festuca minutiflora,tiny-flowered fescue,,,,,N
Festuca occidentalis,western fescue,,,,,N
Festuca ovina,sheep fescue,UPL,,UPL,,Y
Festuca rubra,red fescue,FAC,FAC,FACU,FAC,Y
Festuca saximontana,Rocky Mountain fescue,,,,,N
Festuca subulata,bearded fescue,FACU,UPL,,FACU,Y
Festuca trachyphylla,hard fescue,FACU,UPL,UPL,,Y
Festuca valesiaca,steppe fescue,,,,,N
Festuca viviparoidea,viviparous fescue,,,,,N
Fragaria vesca,woodland strawberry,FACU,UPL,UPL,,Y
Fragaria virginiana,wild strawberry,FACU,FACU,FACU,UPL,Y
Fraxinus pennsylvanica,green ash,FAC,FAC,FACW,,Y
Fritillaria pudica,yellowbell,,,,,N
Fumaria officinalis,fumitory,,,,,N
Gaillardia aristata,gaillardia,,,,,N
Galearis rotundifolia,round-leaved orchid,,,,,N
Galeopsis speciosa,yellow hemp-nettle,,,,,N
Galeopsis tetrahit,hemp-nettle,FACU,FACU,FACU,,Y
Galinsoga quadriradiata,galinsoga,UPL,FACU,FACU,,Y
Galium aparine,cleavers,FACU,FACU,FACU,FACU,Y
Galium bifolium,two-leaved bedstraw,,,,,N
Galium boreale,northern bedstraw,FACU,FACU,FAC,FACU,Y
Galium labradoricum,Labrador bedstraw,,OBL,OBL,,Y
Galium spurium,false cleavers,,,,,N
Galium trifidum,small bedstraw,FACW,OBL,FACW,FACW,Y
Galium triflorum,sweet-scented bedstraw,FACU,FACU,FACU,FAC,Y
Galium verum,yellow bedstraw,,,,,N
Gaultheria hispidula,creeping snowberry,FACW,FACW,FACW,,Y
Gaultheria humifusa,alpine wintergreen,FACW,FACU,,,Y
Gayophytum racemosum,racemose groundsmoke,FAC,,,,Y
Gentiana affinis,prairie gentian,FACU,FACU,FACU,,Y
Gentiana calycosa,mountain gentian,FACW,,,,Y
Gentiana fremontii,marsh gentian,FACW,OBL,,,Y
Gentiana glauca,alpine gentian,FAC,,,FAC,Y
Gentiana lutea,yellow gentian,,,,,N
Gentiana prostrata,moss gentian,FACW,,,FACW,Y
Gentianella amarella,felwort,FACW,FACW,OBL,FACW,Y
Gentianella propinqua,four-parted gentian,FACW,,,FACU,Y
Gentianopsis detonsa,northern fringed gentian,,,,FACW,Y
Gentianopsis macounii,Macoun's gentian,,,,,N
Geocaulon lividum,northern bastard toadflax,FAC,,FAC,FACU,Y
Geranium bicknellii,Bicknell's geranium,,,,,N
Geranium carolinianum,Carolina wild geranium,,,,,N
Geranium pratense,meadow crane's-bill,,,,,N
Geranium richardsonii,wild white geranium,FAC,FAC,,,Y
Geranium viscosissimum,sticky purple geranium,FACU,FACU,,,Y
Geum aleppicum,yellow avens,FACW,FACU,FAC,FACU,Y
Geum macrophyllum,large-leaved yellow avens,FAC,FACW,FACW,FAC,Y
Geum rivale,purple avens,FACW,FACW,OBL,,Y
Geum triflorum,three-flowered avens,FACU,FACU,FACU,,Y
Glechoma hederacea,ground ivy,FACU,FACU,FACU,UPL,Y
Glyceria borealis,northern manna grass,OBL,OBL,OBL,OBL,Y
Glyceria elata,tufted tall manna grass,FACW,OBL,,,Y
Glyceria grandis,common tall manna grass,OBL,OBL,OBL,OBL,Y
Glyceria pulchella,graceful manna grass,,,,OBL,Y
Glyceria striata,fowl manna grass,OBL,OBL,OBL,OBL,Y
Glycyrrhiza lepidota,wild licorice,FAC,FACU,FACU,,Y
Gnaphalium palustre,marsh cudweed,FACW,OBL,,,Y
Gnaphalium uliginosum,low cudweed,FAC,FAC,FAC,UPL,Y
Goodyera oblongifolia,rattlesnake plantain,FACU,FACU,FACU,UPL,Y
Goodyera repens,lesser rattlesnake plantain,FACU,,FACU,FAC,Y
Gratiola neglecta,clammy hedge-hyssop,OBL,OBL,OBL,,Y
Grindelia hirsutula,hairy gumweed,FACW,,,,Y
Grindelia squarrosa,curly-cup gumweed,FACU,UPL,FACU,,Y
Gutierrezia sarothrae,broomweed,,,,,N
Gymnocarpium disjunctum,western oak fern,,,,,N
Gymnocarpium dryopteris,oak fern,FAC,FACU,FACU,FACU,Y
Gymnocarpium jessoense,northern oak fern,,,,,N
Gypsophila elegans,annual baby's-breath,,,,,N
Gypsophila paniculata,common baby's-breath,,,,,N
Gypsophila scorzonerifolia,pink baby's-breath,,,,,N
Hackelia deflexa,northern stickseed,,,,,N
Hackelia floribunda,large-flowered stickseed,FACU,FACU,,,Y
Hackelia jessicae,Jessica's stickseed,,,,,N
Halenia deflexa,spurred gentian,FACW,FAC,FAC,,Y
Hedeoma hispida,pennyroyal,,,,,N
Hedysarum alpinum,alpine hedysarum,FACU,FACU,FAC,FACU,Y
Hedysarum boreale,northern hedysarum,,,,,N
Hedysarum sulphurescens,yellow hedysarum,,,,,N
Helenium autumnale,sneezeweed,FACW,FACW,FACW,,Y
Helianthus annuus,common annual sunflower,FACU,FACU,FACU,FAC,Y
Helianthus maximilianii,narrow-leaved sunflower,,,,,N
Helianthus nuttallii,common tall sunflower,FACW,FACW,FACW,,Y
Helianthus pauciflorus,stiff sunflower,,,,,N
Helianthus petiolaris,prairie sunflower,,,,,N
Heliotropium curassavicum,spatulate-leaved heliotrope,OBL,OBL,OBL,,Y
Helminthotheca echioides,bristly oxtongue,FAC,UPL,UPL,,Y
Heracleum maximum,cow parsnip,FAC,FAC,FACW,FACU,Y
Hesperis matronalis,dame's rocket,FACU,FACU,FACU,UPL,Y
Hesperostipa comata,needle-and-thread,,,,,N
Hesperostipa curtiseta,western porcupine grass,,,,,N
Hesperostipa spartea,porcupine grass,,,,,N
Heterotheca villosa,golden aster,,,,,N
Heuchera cylindrica,sticky alumroot,,,,,N
Heuchera glabra,alpine alumroot,,,,,N
Heuchera parvifolia,small-leaved alumroot,,,,,N
Heuchera richardsonii,Richardson's alumroot,FACU,FACU,FACU,,Y
Hieracium albiflorum,white hawkweed,,,,,N
Hieracium cynoglossoides,woolly hawkweed,,,,,N
Hieracium triste,slender hawkweed,FACU,,,UPL,Y
Hieracium umbellatum,narrow-leaved hawkweed,,,,,N
Hippophae rhamnoides,sea buckthorn,,,,,N
Hippuris montana,mountain mare's-tail,FACW,,,OBL,Y
Hippuris vulgaris,common mare's-tail,OBL,OBL,OBL,OBL,Y
Hordeum brachyantherum,meadow barley,FACW,FAC,FACW,FACW,Y
Hordeum jubatum,foxtail barley,FAC,FACW,FAC,FACU,Y
Hordeum murinum,mouse barley,FAC,FACU,FACU,,Y
Hordeum vulgare,cultivated barley,,,,,N
Houstonia longifolia,long-leaved bluets,,,,,N
Hudsonia tomentosa,sand heather,,,,,N
Humulus lupulus,common hop,FACU,FACU,FACU,,Y
Huperzia haleakalae,alpine firmoss,FACU,,,FACU,Y
Huperzia occidentalis,western firmoss,,,,,N
Huperzia selago,mountain club-moss,,,FACU,,Y
Hydrophyllum capitatum,woollen-breeches,,,,,N
Hymenopappus filifolius,tufted hymenopappus,,,,,N
Hymenoxys richardsonii,Colorado rubber-plant,,,,,N
Hyoscyamus niger,black henbane,,,,,N
Hypericum majus,large Canada St. John's-wort,FACW,FACW,FACW,,Y
Hypericum perforatum,St. John's-wort,FACU,UPL,UPL,FACU,Y
Hypericum scouleri,western St. John's-wort,FACW,,,,Y
Hypopitys monotropa,pinesap,,,,,N
Iliamna rivularis,mountain hollyhock,FAC,,,,Y
Impatiens capensis,spotted touch-me-not,FACW,FACW,FACW,,Y
Impatiens glandulifera,Himalayan balsam,FACW,,FAC,,Y
Impatiens noli-tangere,western jewelweed,FACW,,,FACW,Y
Iris missouriensis,western blue flag,FACW,FACW,,,Y
Iris pseudacorus,yellow iris,OBL,OBL,OBL,,Y
Isoetes bolanderi,Bolander's quillwort,OBL,OBL,,,Y
Isoetes echinospora,northern quillwort,OBL,OBL,OBL,OBL,Y
Isoetes maritima,coastal quillwort,OBL,,,OBL,Y
Isoetes occidentalis,western quillwort,OBL,OBL,,,Y
Isoetes x truncata,quillwort,OBL,,,OBL,Y
Iva axillaris,povertyweed,FACU,FAC,FAC,,Y
Juncus albescens,white rush,OBL,OBL,,FACW,Y
Juncus alpinoarticulatus,alpine rush,OBL,OBL,OBL,OBL,Y
Juncus balticus,wire rush,FACW,FACW,OBL,OBL,Y
Juncus biglumis,two-glumed rush,OBL,,,OBL,Y
Juncus brevicaudatus,short-tail rush,OBL,OBL,OBL,,Y
Juncus bufonius,toad rush,FACW,OBL,FACW,OBL,Y
Juncus castaneus,chestnut rush,FACW,OBL,,FACW,Y
Juncus confusus,few-flowered rush,FAC,FACW,,,Y
Juncus drummondii,Drummond's rush,FACW,FACW,,FACW,Y
Juncus dudleyi,Dudley's rush,FAC,FACW,FACW,,Y
Juncus ensifolius,equitant-leaved rush,FACW,FACW,FACW,FACW,Y
Juncus filiformis,thread rush,FACW,OBL,FACW,FACW,Y
Juncus longistylis,long-styled rush,FACW,FACW,FACW,,Y
Juncus mertensianus,slender-stemmed rush,OBL,OBL,,OBL,Y
Juncus nevadensis,Nevada rush,FACW,FACW,,,Y
Juncus nodosus,knotted rush,OBL,OBL,OBL,OBL,Y
Juncus parryi,Parry's rush,FAC,,,,Y
Juncus regelii,Regel's rush,FACW,,,,Y
Juncus saximontanus,Rocky Mountain rush,FACW,FACW,,FACW,Y
Juncus stygius,moor rush,,OBL,OBL,OBL,Y
Juncus tenuis,slender rush,FAC,FAC,FAC,FACW,Y
Juncus torreyi,Torrey's rush,FACW,FACW,FACW,,Y
Juncus vaseyi,big-head rush,FACW,FACW,FACW,,Y
Juniperus communis,ground juniper,UPL,UPL,FACU,UPL,Y
Juniperus horizontalis,creeping juniper,FACU,UPL,FACU,UPL,Y
Juniperus scopulorum,Rocky Mountain juniper,,,,,N
Kalmia microphylla,mountain laurel,OBL,,,OBL,Y
Kalmia polifolia,northern laurel,,,OBL,,Y
Kalmia procumbens,alpine azalea,,,,,N
Knautia arvensis,field scabious,,,,,N
Kobresia myosuroides,bog-sedge,FAC,FAC,,FACU,Y
Kobresia simpliciuscula,simple bog-sedge,FACW,,,FACW,Y
Kochia scoparia,summer-cypress,FAC,FACU,FACU,,Y
Koeleria macrantha,June grass,,,,,N
Koenigia islandica,koenigia,OBL,,,OBL,Y
Krascheninnikovia lanata,winter-fat,,,,,N
Lactuca biennis,tall blue lettuce,FAC,FAC,FAC,FACU,Y
Lactuca serriola,prickly lettuce,FACU,FAC,FACU,,Y
Ladeania lanceolata,scurf pea,,,,,N
Lamium amplexicaule,henbit,,,,,N
Laportea canadensis,Canada wood-nettle,,FAC,FACW,,Y
Lappula occidentalis,western bluebur,,,,,N
Lappula squarrosa,bluebur,,,,,N
Lapsana communis,nipplewort,FACU,FAC,FACU,UPL,Y
Larix laricina,tamarack,,FACW,FACW,FACW,Y
Larix lyallii,subalpine larch,,,,,N
Larix occidentalis,western larch,FACU,,,,Y
Lathyrus ochroleucus,cream-colored vetchling,,,,,N
Lathyrus palustris,marsh vetchling,OBL,FACW,FACW,OBL,Y
Lathyrus venosus,purple peavine,FAC,FAC,FAC,FACU,Y
Lechea intermedia,narrowleaf pinweed,,,,,N
Lemna trisulca,ivy-leaved duckweed,OBL,OBL,OBL,OBL,Y
Lemna turionifera,turion duckweed,OBL,OBL,OBL,OBL,Y
Lens culinaris,lentil,,,,,N
Leonurus cardiaca,motherwort,,,,,N
Lepidium appelianum,globe-podded hoary cress,FACU,FAC,UPL,,Y
Lepidium campestre,cow cress,,,,,N
Lepidium chalepense,lens-pod hoarycress,,,,,N
Lepidium densiflorum,common pepper-grass,FACU,FAC,FACU,FACU,Y
Lepidium draba,heart-podded hoary cress,,,,,N
Lepidium latifolium,broad-leaved pepper-grass,FAC,FACW,FACU,,Y
Lepidium perfoliatum,perfoliate pepper-grass,FACU,FAC,FACU,UPL,Y
Lepidium ramosissimum,branched pepper-grass,,,,,N
Lepidium sativum,garden cress,,,,,N
Leptarrhena pyrolifolia,leather-leaved saxifrage,FACW,,,FACW,Y
Leptosiphon septentrionalis,northern linanthus,,,,,N
Leucanthemum vulgare,ox-eye daisy,FACU,UPL,UPL,UPL,Y
Leucophysalis grandiflora,large white ground-cherry,,,,,N
Levisticum officinale,lovage,,,,,N
Lewisia pygmaea,alpine lewisia,FACU,FACU,,,Y
Lewisia rediviva,bitter-root,,,,,N
Leymus cinereus,giant wild rye,FAC,UPL,,,Y
Leymus innovatus,hairy wild rye,,,,,N
Leymus mollis,American dunegrass,FACU,,FACU,FAC,Y
Liatris ligulistylis,meadow blazingstar,FAC,FAC,FACU,,Y
Liatris punctata,dotted blazingstar,,,,,N
Lilaea scilloides,flowering-quillwort,,,,,N
Lilium philadelphicum,western wood lily,FAC,FACU,FAC,,Y
Limosella aquatica,mudwort,OBL,OBL,OBL,OBL,Y
Linaria dalmatica,Dalmatian toadflax,,,,,N
Linaria maroccana,Morocco toadflax,,,,,N
Linaria vulgaris,common toadflax,,,,,N
Linnaea borealis,twinflower,FACU,FACU,FAC,FACU,Y
Linum lewisii,wild blue flax,,,,,N
Linum rigidum,yellow flax,,,,,N
Linum usitatissimum,common flax,,,,,N
Liparis loeselii,Loesel's twayblade,FACW,OBL,FACW,,Y
Lithophragma glabrum,rockstar,,,,,N
Lithophragma parviflorum,small-flowered rockstar,,,,,N
Lithospermum incisum,narrow-leaved puccoon,,,,,N
Lithospermum occidentale,western false gromwell,,,,,N
Lithospermum ruderale,woolly gromwell,,,,,N
Lobelia dortmanna,water lobelia,OBL,,OBL,OBL,Y
Lobelia kalmii,Kalm's lobelia,OBL,OBL,OBL,,Y
Lobelia spicata,spiked lobelia,FAC,FAC,FAC,,Y
Logfia arvensis,field fluffweed,,,,,N
Lolium arundinaceum,tall fescue,,,,,N
Lolium multiflorum,Italian ryegrass,,,,,N
Lolium perenne,perennial ryegrass,FAC,FACU,FACU,FACU,Y
Lolium persicum,Persian darnel,,,,,N
Lolium pratense,meadow fescue,,,,,N
Lolium temulentum,darnel,,,,,N
Lomatium cous,biscuit-root,,,,,N
Lomatium dissectum,fern-leaved desert-parsley,,,,,N
Lomatium foeniculaceum,hairy-fruited wild parsley,,,,,N
Lomatium macrocarpum,long-fruited wild parsley,,,,,N
Lomatium sandbergii,Sandberg's wild parsley,,,,,N
Lomatium triternatum,western wild parsley,,,,,N
Lomatogonium rotatum,marsh felwort,OBL,OBL,OBL,OBL,Y
Lonicera dioica,twining honeysuckle,FACU,FACU,FACU,,Y
Lonicera involucrata,bracted honeysuckle,FAC,FACU,FACU,FACU,Y
Lonicera tatarica,tatarian honeysuckle,FACU,FACU,FACU,UPL,Y
Lonicera utahensis,red twinberry,FAC,FACU,,,Y
Lonicera villosa,mountain fly-honeysuckle ,,FACW,FACW,,Y
Lotus corniculatus,bird's-foot trefoil,FAC,FACU,FACU,,Y
Luetkea pectinata,partridgefoot,FACU,,,UPL,Y
Lupinus argenteus,silvery perennial lupine,,,,,N
Lupinus lepidus,alpine lupine,,,,,N
Lupinus minimus,least lupine,,,,,N
Lupinus nootkatensis,Nootka lupine,,,,FACU,Y
Lupinus polyphyllus,large-leaved lupine,FAC,,FACU,FAC,Y
Lupinus pusillus,annual lupine,,,,,N
Lupinus sericeus,silky perennial lupine,,,,,N
Lupinus wyethii,Wyeth's lupine,,,,,N
Luzula acuminata,wood-rush,FAC,FAC,FACU,,Y
Luzula arcuata,curved wood rush,UPL,FACU,,FACU,Y
Luzula groenlandica,wood-rush,,,,FACW,Y
Luzula hitchcockii,smooth wood-rush,,,,,N
Luzula multiflora,field wood-rush,FACU,FAC,FACU,FACU,Y
Luzula parviflora,small-flowered wood-rush,FAC,UPL,FAC,FAC,Y
Luzula piperi,mountain wood-rush,,,,,N
Luzula rufescens,reddish wood-rush,,,,FACW,Y
Luzula spicata,spiked wood-rush,FACU,FACU,UPL,FACU,Y
Lycium barbarum,matrimony vine,,,,,N
Lycopodiella inundata,bog club-moss,OBL,,OBL,OBL,Y
Lycopodium annotinum,stiff club-moss,,,,,N
Lycopodium dendroideum,ground-pine,,,,,N
Lycopodium lagopus,one-cone clubmoss,FACU,,FACU,FACU,Y
Lycopus americanus,American water-horehound,OBL,OBL,OBL,OBL,Y
Lycopus asper,western water-horehound,OBL,OBL,OBL,OBL,Y
Lycopus uniflorus,northern water-horehound,OBL,OBL,OBL,OBL,Y
Lygodesmia juncea,skeletonweed,,,,,N
Lysimachia ciliata,fringed loosestrife,FACW,FACW,FACW,FACW,Y
Lysimachia hybrida,lance-leaved loosestrife,OBL,OBL,OBL,,Y
Lysimachia maritima,sea milkwort,OBL,OBL,OBL,OBL,Y
Lysimachia minima,chaffweed,FACW,FACW,FACU,,Y
Lysimachia thyrsiflora,tufted loosestrife,OBL,OBL,OBL,OBL,Y
Lythrum salicaria,purple loosestrife,OBL,OBL,OBL,OBL,Y
Machaeranthera tanacetifolia,tansy aster,,,,,N
Madia glomerata,tarweed,FACU,FACU,FACU,UPL,Y
Maianthemum canadense,wild lily-of-the-valley,FACU,FACU,FACU,,Y
Maianthemum racemosum,false Solomon's-seal,FAC,FAC,FACU,FAC,Y
Maianthemum stellatum,star-flowered Solomon's-seal,FAC,FACU,FAC,FAC,Y
Maianthemum trifolium,three-leaved Solomon's-seal,,OBL,OBL,,Y
Malaxis monophyllos,white adder's-mouth,FACW,FACW,FACW,FACW,Y
Malaxis paludosa,bog adder's-mouth,,,,,N
Malva parviflora,small-flowered mallow,,,,,N
Malva rotundifolia,round-leaved mallow,,,,,N
Malva sylvestris,high mallow,,,,,N
Malva verticillata,whorled mallow,,,,,N
Marsilea vestita,hairy pepperwort,OBL,OBL,OBL,,Y
Matricaria chamomilla,wild chamomile,,,,,N
Matricaria discoidea,pineappleweed,FACU,FACU,FACU,FACU,Y
Matteuccia struthiopteris,ostrich fern,FACW,FACW,FAC,FACW,Y
Medicago falcata,yellow lucerne,,,,,N
Medicago lupulina,black medick,FACU,FACU,FACU,FAC,Y
Medicago sativa,alfalfa,UPL,UPL,UPL,UPL,Y
Melampyrum lineare,cow-wheat,FAC,,FACU,,Y
Melica smithii,Smith's oniongrass,,,,,N
Melica spectabilis,onion grass,FAC,,,,Y
Melica subulata,Alaska onion grass,,,,,N
Melilotus alba,white sweet-clover,FACU,FACU,FACU,FACU,Y
Melilotus officinalis,yellow sweet-clover,FACU,FACU,FACU,FACU,Y
Mentha arvensis,wild mint,FACW,FACW,FACW,FACW,Y
Mentha spicata,spearmint,FACW,FACW,FACW,FACW,Y
Mentzelia decapetala,sand-lily,,,,,N
Menyanthes trifoliata,buck-bean,OBL,OBL,OBL,OBL,Y
Menziesia ferruginea,false azalea,FACU,,,FACU,Y
Mertensia lanceolata,lance-leaved lungwort,,,,,N
Mertensia longiflora,large-flowered lungwort,,,,,N
Mertensia paniculata,tall lungwort,FAC,FAC,FAC,FACU,Y
Micranthes ferruginea,rusty saxifrage,FAC,OBL,,FAC,Y
Micranthes lyallii,red-stemmed saxifrage,FACW,OBL,,FACW,Y
Micranthes nelsoniana,cordate-leaved saxifrage,FAC,,,FAC,Y
Micranthes nivalis,alpine saxifrage,,,,,N
Micranthes occidentalis,rhomboid-leaved saxifrage,FAC,FAC,,UPL,Y
Micranthes odontoloma,brook saxifrage,FACW,FACW,,,Y
Microseris nutans,nodding microseris,,,,,N
Microsteris gracilis,slender phlox,FACU,UPL,,UPL,Y
Mimulus breweri,Brewer's monkeyflower,FACU,,,,Y
Mimulus floribundus,small yellow monkeyflower,OBL,OBL,,,Y
Mimulus glabratus,smooth monkeyflower,OBL,OBL,OBL,,Y
Mimulus guttatus,yellow monkeyflower,OBL,OBL,OBL,OBL,Y
Mimulus lewisii,red monkeyflower,FACW,,,FACW,Y
Mimulus ringens,square-stem monkeyflower,OBL,OBL,OBL,,Y
Mimulus tilingii,large mountain monkeyflower,OBL,OBL,,OBL,Y
Minuartia austromontana,green alpine sandwort,,,,,N
Minuartia biflora,dwarf alpine sandwort,,,,,N
Minuartia dawsonensis,Dawson sandwort,,,,,N
Minuartia elegans,purple alpine sandwort,,,,,N
Minuartia nuttallii,Nuttall's sandwort,,,,,N
Minuartia obtusiloba,Arctic sandwort,FACU,FACU,,FACU,Y
Minuartia rubella,red-seeded sandwort,FACU,FAC,UPL,FAC,Y
Mirabilis hirsuta,hairy umbrellawort,,,,,N
Mirabilis linearis,narrowleaf umbrella-wort,,,,,N
Mirabilis nyctaginea,heart-leaved umbrellawort,FACU,UPL,UPL,,Y
Mitella breweri,Brewer's bishop's-cap,,,,,N
Mitella nuda,bishop's-cap,FACW,OBL,FACW,FAC,Y
Mitella pentandra,bishop's-cap,,,,,N
Mitella trifida,bishop's-cap,,,,,N
Moehringia lateriflora,blunt-leaved sandwort,FAC,FACU,FACU,FACU,Y
Mollugo verticillata,green carpetweed,FAC,FAC,FAC,,Y
Monarda fistulosa,wild bergamot,FACU,UPL,FACU,,Y
Moneses uniflora,one-flowered wintergreen,FACU,FAC,FAC,FACU,Y
Monolepis nuttalliana,spear-leaved goosefoot,FAC,FAC,UPL,FAC,Y
Monotropa uniflora,Indian-pipe,FACU,UPL,FACU,UPL,Y
Montia linearis,linear-leaved montia,FAC,FAC,FAC,,Y
Montia parvifolia,small-leaved montia,FAC,FACW,,FACW,Y
Muhlenbergia asperifolia,scratch grass,FACW,FACW,FACW,,Y
Muhlenbergia cuspidata,plains muhly,,,,,N
Muhlenbergia glomerata,bog muhly,FACW,FACW,OBL,,Y
Muhlenbergia racemosa,marsh muhly,FACW,FACW,FACU,,Y
Muhlenbergia richardsonis,mat muhly,FAC,FAC,FACW,,Y
Mulgedium pulchellum,common blue lettuce,,,,,N
Munroa squarrosa,false buffalo grass,,,,,N
Musineon divaricatum,leafy musineon,,,,,N
Myosotis arvensis,field forget-me-not,FACU,FAC,FACU,,Y
Myosotis asiatica,alpine forget-me-not,FAC,FAC,,FAC,Y
Myosotis laxa,small forget-me-not,OBL,OBL,OBL,,Y
Myosotis stricta,forget-me-not,,,,,N
Myosurus apetalus,bristly mousetail,OBL,FACW,,,Y
Myosurus minimus,least mousetail,OBL,FACW,FAC,,Y
Myrica gale,sweet gale,OBL,OBL,OBL,OBL,Y
Myriophyllum sibiricum,spiked water-milfoil,OBL,OBL,OBL,OBL,Y
Myriophyllum verticillatum,water-milfoil,OBL,OBL,OBL,OBL,Y
Myriopteris gracilis,slender lip fern,,,,,N
Myriopteris gracillima,lace fern,,,,,N
Najas flexilis,slender naiad,OBL,OBL,OBL,OBL,Y
Najas guadalupensis,southern naiad,OBL,OBL,OBL,,Y
Nassella viridula,green needle grass,,,,,N
Nasturtium officinale,water cress,OBL,OBL,OBL,OBL,Y
Navarretia leucocephala,white-flowered navarretia,OBL,OBL,OBL,,Y
Nemophila breviflora,small baby-blue-eyes,,,,,N
Neoholmgrenia andina,upland evening-primrose,UPL,FACU,,,Y
Neottia banksiana,western twayblade,FACU,FACU,,FACU,Y
Neottia borealis,northern twayblade,FACW,,,FACU,Y
Neottia convallarioides,broad-lipped twayblade,FAC,FACW,FACW,FACU,Y
Neottia cordata,heart-leaved twayblade,FAC,FACU,FACW,FACU,Y
Nepeta cataria,catnip,FACU,FACU,FACU,FAC,Y
Neslia paniculata,ball mustard,,,,,N
Nonea vesicaria,red monk's-wort,,,,,N
Nothocalais cuspidata,prairie false dandelion,,,,,N
Nuphar variegata,yellow pond-lily,OBL,OBL,OBL,,Y
Nuttallanthus texanus,Canada toad-flax,,,,,N
Nymphaea leibergii,pygmy water-lily,OBL,OBL,OBL,,Y
Nymphaea tetragona,white water-lily,OBL,,,OBL,Y
Odontites vulgaris,late-flowering eyebright,,,,,N
Oenothera biennis,yellow evening-primrose,FACU,FACU,FACU,,Y
Oenothera caespitosa,butte-primrose,,,,,N
Oenothera flava,low yellow evening-primrose,FAC,FACW,,,Y
Oenothera nuttallii,white evening-primrose,,,,,N
Oenothera serrulata,shrubby evening-primrose,,,,,N
Oenothera suffrutescens,scarlet butterflyweed,,,,,N
Oenothera villosa,hairy evening-primrose,FAC,FACU,FAC,,Y
Onobrychis viciifolia,sainfoin,,,,,N
Ononis arvensis,common rest-harrow,,,,,N
Oplopanax horridus,devil's-club,FAC,FACU,FACW,FACU,Y
Opuntia fragilis,brittle prickly-pear,,,,,N
Opuntia polyacantha,prickly-pear,,,,,N
Orobanche fasciculata,clustered broom-rape,,,,,N
Orobanche ludoviciana,Louisiana broom-rape,,,,,N
Orobanche uniflora,one-flowered cancer-root,FACU,UPL,UPL,UPL,Y
Orthilia secunda,one-sided wintergreen,FACU,FACU,FAC,FACU,Y
Orthocarpus luteus,owl-clover,FACU,FACU,FACU,,Y
Oryzopsis asperifolia,white-grained mountain rice grass,,,,,N
Osmorhiza berteroi,blunt-fruited sweet cicely,FACU,FACU,FACU,FACU,Y
Osmorhiza depauperata,spreading sweet cicely,,,,,N
Osmorhiza longistylis,smooth sweet cicely,FACU,FAC,FACU,,Y
Osmorhiza occidentalis,western sweet cicely,,,,,N
Osmorhiza purpurea,purple sweet cicely,FAC,FAC,,FACU,Y
Oxalis stricta,European wood-sorrel,FACU,FACU,FACU,,Y
Oxyria digyna,mountain sorrel,FACU,FAC,FACW,FACU,Y
Oxytropis borealis,boreal locoweed,,,,,N
Oxytropis campestris,northern locoweed,,,,,N
Oxytropis deflexa,reflexed locoweed,FACU,FACU,,FACU,Y
Oxytropis lagopus,hare-footed locoweed,,,,,N
Oxytropis monticola,late yellow locoweed,,,,,N
Oxytropis podocarpa,inflated oxytrope,,,,,N
Oxytropis sericea,early yellow locoweed,,,,,N
Oxytropis splendens,showy locoweed,FAC,FACU,,UPL,Y
Packera cana,prairie groundsel,,,,,N
Packera contermina,Arctic butterweed,,,,,N
Packera cymbalaria,dwarf Arctic groundsel,,,,,N
Packera indecora,rayless ragwort,FACW,FACW,FACW,FACU,Y
Packera pauciflora,few-flowered ragwort,FAC,FAC,FACU,FAC,Y
Packera paupercula,balsam groundsel,FACW,FAC,FAC,FAC,Y
Packera pseudaurea,thin-leaved ragwort,FACW,FACW,FACW,,Y
Packera streptanthifolia,northern ragwort,FACU,UPL,,UPL,Y
Packera subnuda var. subnuda,alpine meadow groundsel,,,,,N
Panicum capillare,witch grass,FAC,FAC,FAC,,Y
Panicum miliaceum,broomcorn millet,,,,,N
Papaver kluanense,alpine poppy,,,,,N
Papaver nudicaule,Iceland poppy,,,,,N
Papaver pygmaeum,dwarf alpine poppy,,,,,N
Papaver rhoeas,corn poppy,,,,,N
Papaver somniferum,opium poppy,,,,,N
Parietaria pensylvanica,American pellitory,FACU,FAC,FACU,,Y
Parnassia fimbriata,fringed grass-of-parnassus,OBL,OBL,,FACW,Y
Parnassia kotzebuei,small grass-of-parnassus,OBL,OBL,,FACW,Y
Parnassia palustris,northern grass-of-parnassus,OBL,OBL,OBL,FACW,Y
Parnassia parviflora,small northern grass-of-parnassus,OBL,OBL,OBL,OBL,Y
Paronychia sessiliflora,creeping nailwort,,,,,N
Pascopyrum smithii,western wheat grass,FACU,FACU,FACU,UPL,Y
Pastinaca sativa,parsnip,,,,,N
Paxistima myrsinites,mountain-lover,FACU,FACU,,,Y
Pedicularis bracteosa,western lousewort,,,,,N
Pedicularis capitata,large-flowered lousewort,,,,FACU,Y
Pedicularis contorta,coiled-beak lousewort,FACU,FACU,,,Y
Pedicularis flammea,flame-colored lousewort,,,,,N
Pedicularis groenlandica,elephant's-head,OBL,OBL,,FACW,Y
Pedicularis labradorica,Labrador lousewort,,,,FACW,Y
Pedicularis lanata,woolly lousewort,,,,FAC,Y
Pedicularis langsdorfii,arctic lousewort,,,,FACW,Y
Pedicularis oederi,Oeder's lousewort,,,,,N
Pedicularis parviflora,swamp lousewort,,,,FACW,Y
Pedicularis racemosa,leafy lousewort,,,,,N
Pedicularis sudetica,purple rattle,,,,,N
Pediomelum argophyllum,silverleaf psoralea,,,,,N
Pediomelum esculentum,Indian breadroot,,,,,N
Pellaea gastonyi,Gaston's cliff brake,,,,,N
Pellaea glabella,smooth cliff brake,,,,,N
Pellia sp,Pellia liverwort,,,,,N
Penstemon albertinus,blue beardtongue,,,,,N
Penstemon albidus,white beardtongue,,,,,N
Penstemon confertus,yellow beardtongue,,,,,N
Penstemon ellipticus,creeping beardtongue,,,,,N
Penstemon eriantherus,crested beardtongue,,,,,N
Penstemon fruticosus,shrubby beardtongue,,,,,N
Penstemon gracilis,lilac-flowered beardtongue,UPL,FACU,UPL,,Y
Penstemon lyallii,large-flowered beardtongue,FACU,FACU,,,Y
Penstemon nitidus,smooth blue beardtongue,,,,,N
Penstemon procerus,slender blue beardtongue,FAC,UPL,,UPL,Y
Perideridia gairdneri,common yampah,FAC,FACU,,,Y
Peritoma serrulata,bee plant,FACU,FACU,FACU,,Y
Persicaria amphibia,water smartweed,OBL,OBL,OBL,OBL,Y
Persicaria lapathifolia,pale persicaria,FACW,OBL,FACW,FAC,Y
Persicaria maculosa,lady's-thumb,FACW,FACW,FAC,FAC,Y
Petasites frigidus,coltsfoot,FACW,FAC,FACW,FACW,Y
Phacelia campanularia,desert phacelia,,,,,N
Phacelia franklinii,Franklin's scorpionweed,,,,,N
Phacelia hastata,silver-leaved scorpionweed,,,,,N
Phacelia linearis,linear-leaved scorpionweed,,,,,N
Phacelia lyallii,Lyall's scorpionweed,,,,,N
Phacelia sericea,silky scorpionweed,,,,,N
Phalaris arundinacea,reed canary grass,FACW,FACW,FACW,OBL,Y
Phalaris canariensis,canary grass,FACU,FACU,FACU,UPL,Y
Phegopteris connectilis,northern beech fern,FACU,FACU,FACU,FACU,Y
Philadelphus lewisii,mock orange,,,,,N
Phleum commutatum,mountain timothy,,,,,N
Phleum pratense,timothy,FAC,FACU,FACU,FACU,Y
Phlox alyssifolia,blue phlox,,,,,N
Phlox hoodii,moss phlox,,,,,N
Phragmites australis,common reed,FACW,FACW,FACW,,Y
Phyllodoce empetriformis,red heather,FACU,FACU,,FACU,Y
Phyllodoce glanduliflora,yellow heather,FACU,FACU,,UPL,Y
Phyllodoce x intermedia,pink heather,,,,,N
Physalis philadelphica,Mexican ground cherry,FAC,UPL,UPL,,Y
Physaria arctica,arctic bladderpod,,,,,N
Physaria arenosa,Great Plains bladderpod,,,,,N
Physaria didymocarpa,double bladderpod,,,,,N
Physaria spatulata,spatulate bladderpod,,,,,N
Physocarpus malvaceus,mallow-leaved ninebark,,,,,N
Physostegia ledinghamii,false dragonhead,,OBL,,,Y
Physostegia parviflora,false dragonhead,FACW,FACW,FACW,,Y
Picea engelmannii,Engelmann spruce,FAC,FAC,,,Y
Picea glauca,white spruce,FAC,FACU,FACU,FACU,Y
Picea mariana,black spruce,,FACW,FACW,FACW,Y
Picea x 1,Engelmann x white spruce,,,,,N
Picradeniopsis oppositifolia,picradeniopsis,,,,,N
Pilosella aurantiaca,orange hawkweed,,,,,N
Pilosella caespitosum,meadow hawkweed,,,,,N
Pilosella glomerata,yellow devil,,,,,N
Pilosella piloselloides,tall hawkweed,,,,,N
Pimpinella saxifraga,Burnet-saxifrage,UPL,,FACU,,Y
Pinguicula villosa,small butterwort,,,,OBL,Y
Pinguicula vulgaris,common butterwort,,,OBL,OBL,Y
Pinus albicaulis,whitebark pine,,,,,N
Pinus banksiana,jack pine,,FACU,FACU,,Y
Pinus contorta,lodgepole pine,FAC,FACU,,FAC,Y
Pinus flexilis,limber pine,,,,,N
Pinus monticola,western white pine,FACU,,,,Y
Pinus ponderosa,ponderosa pine,FACU,UPL,UPL,,Y
Pinus spp.,a five-needled pine species,,,,,N
Pinus x murraybanksiana,lodgepole x jack pine,,,,,N
Piperia unalascensis,Alaska bog orchid,FACU,FACU,UPL,FAC,Y
Piptatherum canadense,Canada rice grass,,,,,N
Piptatherum exiguum,little rice grass,,,,,N
Piptatherum micranthum,little-seed rice grass,,,,,N
Piptatherum pungens,northern rice grass,,,,,N
Plagiobothrys scouleri,Scouler's allocarya,FACW,,,,Y
Plantago canescens,western ribgrass,,,,,N
Plantago elongata,linear-leaved plantain,FACW,FACW,,,Y
Plantago eriopoda,saline plantain,FACW,FAC,FAC,FACU,Y
Plantago major,common plantain,FAC,FAC,FACU,FAC,Y
Plantago maritima,sea-side plantain,FACW,,FACW,FACW,Y
Plantago patagonica,Pursh's plantain,,,,,N
Platanthera aquilonis,tall northern green orchid,FACW,OBL,FACW,FACW,Y
Platanthera dilatata,tall white bog orchid,,,,,N
Platanthera huronensis,northern green bog orchid,OBL,OBL,FACW,OBL,Y
Platanthera obtusata,blunt-leaved bog orchid,FACW,FACW,FACW,FACW,Y
Platanthera orbiculata,round-leaved bog orchid,FACU,FAC,FAC,FAC,Y
Platanthera stricta,slender bog orchid,FACW,FACW,,FACW,Y
Poa abbreviata,northern bluegrass,FACU,FAC,,FACU,Y
Poa alpina,alpine bluegrass,FAC,FACU,FACU,FACU,Y
Poa annua,annual bluegrass,FAC,FACU,FACU,FAC,Y
Poa arctica,Arctic bluegrass,FACU,FACW,,FAC,Y
Poa arida,plains bluegrass,UPL,FAC,FAC,,Y
Poa bulbosa,bulbous bluegrass,FACU,FACU,FACU,,Y
Poa compressa,Canada bluegrass,FACU,FACU,FACU,FAC,Y
Poa cusickii,early bluegrass,,,,,N
Poa fendleriana,Fendler's bluegrass,,,,,N
Poa glauca,timberline bluegrass,,,,,N
Poa interior,inland bluegrass,FAC,FAC,FAC,FAC,Y
Poa leptocoma,bog bluegrass,FACW,OBL,,FAC,Y
Poa lettermanii,Letterman's bluegrass,,,,,N
Poa nemoralis,wood bluegrass,FAC,FACU,FACU,FAC,Y
Poa palustris,fowl bluegrass,FAC,FACW,FACW,FAC,Y
Poa paucispicula,few-flowered bluegrass,,,,,N
Poa pratensis,Kentucky bluegrass,FAC,FACU,FACU,FACU,Y
Poa secunda,Sandberg bluegrass,FACU,FACU,FACU,FACU,Y
Poa stenantha,narrow-flowered bluegrass,FACU,FAC,,FAC,Y
Poa trivialis,rough bluegrass,FAC,FACW,FACW,FAC,Y
Poa wheeleri,Wheeler's bluegrass,,,,,N
Podagrostis humilis,low bent grass,FACW,FACW,,FACW,Y
Polanisia dodecandra,clammyweed,FACU,FACU,UPL,,Y
Polemonium acutiflorum,tall Jacob's-ladder,,,,FAC,Y
Polemonium occidentale,Western Jacob's-ladder,FACW,FACW,FACW,,Y
Polemonium pulcherrimum,showy Jacob's-ladder,,,,,N
Polemonium viscosum,skunkweed,,,,,N
Polygala senega,seneca snakeroot,FACU,FACU,FACU,,Y
Polygaloides paucifolia,fringed milkwort,,FACU,FACU,,Y
Polygonum achoreum,leathery knotweed,FACU,FACU,FACU,FAC,Y
Polygonum austiniae,Austin's knotweed,FACU,FACU,,,Y
Polygonum aviculare,prostrate knotweed,FAC,FACU,FACU,FAC,Y
Polygonum bistortoides,western bistort,,,,,N
Polygonum douglasii,Douglas knotweed,FACU,FACU,FACU,,Y
Polygonum engelmannii,Engelmann's knotweed,FACU,FACU,,,Y
Polygonum erectum,striate knotweed,FACU,FAC,FACU,,Y
Polygonum minimum,least knotweed,FACU,FAC,,FACU,Y
Polygonum polygaloides,white-margined knotweed,FACW,,,,Y
Polygonum ramosissimum,bushy knotweed,FAC,FACW,FAC,FACU,Y
Polygonum sawatchense,Sawatch knotweed,FACU,FACU,,,Y
Polypodium hesperium,western polypody,,,,,N
Polypodium sibiricum,Siberian polypody,,,,,N
Polypodium virginianum,rock polypody,,,,,N
Polypogon monspeliensis,rabbitfoot grass,FACW,FACW,OBL,FACW,Y
Polystichum lonchitis,northern holly fern,FACU,FACU,UPL,UPL,Y
Populus angustifolia,narrow-leaf cottonwood,FACW,FACW,,,Y
Populus balsamifera,balsam poplar,FAC,FACW,FACW,FACU,Y
Populus deltoides,plains cottonwood,FAC,FAC,FAC,,Y
Populus tremuloides,aspen,FACU,FAC,FACU,FACU,Y
Populus trichocarpa,black cottonwood,,,,,N
Populus x  jackii,Jack's poplar,,,,,N
Populus x acuminata,lance-leaf cottonwood,FAC,FAC,,,Y
Portulaca oleracea,purslane,FAC,FAC,FACU,,Y
Potamogeton alpinus,alpine pondweed,OBL,OBL,OBL,OBL,Y
Potamogeton amplifolius,large-leaved pondweed,OBL,OBL,OBL,,Y
Potamogeton crispus,crisp-leaved pondweed,OBL,OBL,OBL,,Y
Potamogeton diversifolius,water-thread pondweed,OBL,OBL,OBL,,Y
Potamogeton epihydrus,ribbon-leaved pondweed,OBL,OBL,OBL,OBL,Y
Potamogeton foliosus,leafy pondweed,OBL,OBL,OBL,OBL,Y
Potamogeton friesii,Fries' pondweed,OBL,OBL,OBL,OBL,Y
Potamogeton gramineus,various-leaved pondweed,OBL,OBL,OBL,OBL,Y
Potamogeton natans,floating-leaf pondweed,OBL,OBL,OBL,OBL,Y
Potamogeton nodosus,longleaf pondweed,OBL,OBL,OBL,,Y
Potamogeton obtusifolius,blunt-leaved pondweed,OBL,OBL,OBL,OBL,Y
Potamogeton praelongus,white-stem pondweed,OBL,OBL,OBL,OBL,Y
Potamogeton pusillus,small-leaf pondweed,OBL,OBL,OBL,OBL,Y
Potamogeton richardsonii,clasping-leaf pondweed,OBL,OBL,OBL,OBL,Y
Potamogeton robbinsii,Robbins' pondweed,OBL,OBL,OBL,OBL,Y
Potamogeton strictifolius,linear-leaved pondweed,OBL,OBL,OBL,,Y
Potamogeton zosteriformis,flat-stemmed pondweed,OBL,OBL,OBL,OBL,Y
Potentilla anserina,silverweed,OBL,FACW,FACW,FACW,Y
Potentilla arenosa ssp. arenosa,bluff cinquefoil,,,,,N
Potentilla argentea,silvery cinquefoil,FACU,FACU,FACU,,Y
Potentilla biennis,biennial cinquefoil,FACW,FACW,,,Y
Potentilla bimundorum,branched cinquefoil,,,,,N
Potentilla bipinnatifida,plains cinquefoil,,,,,N
Potentilla concinna,early cinquefoil,,,,,N
Potentilla diversifolia,mountain cinquefoil,,,,,N
Potentilla drummondii,Drummond's cinquefoil,FAC,,,UPL,Y
Potentilla effusa,branched cinquefoil,,,,,N
Potentilla flabellifolia,fanleaf cinquefoil,FAC,,,,Y
Potentilla furcata,forked cinquefoil,,,,,N
Potentilla glandulosa ssp. pseudorupestris,sticky cinquefoil,FAC,FAC,,,Y
Potentilla gracilis,graceful cinquefoil,FAC,FAC,FAC,FAC,Y
Potentilla hippiana,woolly cinquefoil,,,,,N
Potentilla hookeriana,Hooker's cinquefoil,,,,,N
Potentilla hyparctica,northern cinquefoil,,,,,N
Potentilla jepsonii,Jepson's cinquefoil,,,,,N
Potentilla lasiodonta,sandhills cinquefoil,,,,,N
Potentilla litoralis,coastal cinquefoil,,,FACU,,Y
Potentilla macounii,Macoun's cinquefoil,,,,,N
Potentilla multisecta,smooth-leaved cinquefoil,,,,,N
Potentilla nivea,snow cinquefoil,,,,,N
Potentilla norvegica,rough cinquefoil,FAC,FAC,FAC,FAC,Y
Potentilla ovina,sheep cinquefoil,,,,,N
Potentilla paradoxa,bushy cinquefoil,,,,,N
Potentilla pensylvanica,prairie cinquefoil,FACU,FACU,FACU,FACU,Y
Potentilla plattensis,low cinquefoil,FACW,FACW,,,Y
Potentilla pulcherrima,soft cinquefoil,FAC,FAC,FAC,,Y
Potentilla recta,rough-fruited cinquefoil,,,,,N
Potentilla rivalis,brook cinquefoil,FACW,FACW,FACW,,Y
Potentilla rubricaulis,red-stemmed cinquefoil,FACU,FACU,,FACU,Y
Potentilla subgorodkovii,Jurtsev's cinquefoil,,,,,N
Potentilla subvahliana,high arctic cinquefoil,,,,,N
Potentilla uniflora,one-flowered cinquefoil,,,,,N
Potentilla villosa,hairy cinquefoil,,,,,N
Potentilla villosula,finely villous cinquefoil,,,,,N
Prenanthes alata,white lettuce,,,,,N
Prenanthes racemosa,glaucous white lettuce,,,,,N
Prenanthes sagittata,purple rattlesnakeroot,,,,,N
Primula egaliksensis,Greenland primrose,OBL,FACW,,FACW,Y
Primula incana,mealy primrose,OBL,FACW,,FACW,Y
Primula mistassinica,dwarf Canadian primrose,,FACW,FACW,FACW,Y
Prosartes hookeri,Hooker's fairybells,,,,,N
Prosartes trachycarpa,fairybells,FACU,UPL,UPL,,Y
Prunella vulgaris,heal-all,FACU,FAC,FAC,FAC,Y
Prunus pensylvanica,pin cherry,UPL,FACU,FACU,,Y
Prunus virginiana,choke cherry,FACU,FACU,FACU,FAC,Y
Psathyrostachys juncea,Russian wild rye,FAC,FACU,,UPL,Y
Pseudoroegneria spicata,bluebunch wheatgrass,,,,,N
Pseudotsuga menziesii,Douglas-fir,FACU,FACU,FACU,,Y
Psilocarphus brevissimus,round woollyheads,FACW,FACW,,,Y
Pteridium aquilinum,bracken fern,FACU,FACU,FACU,FACU,Y
Pterospora andromedea,pine-drops,,,,,N
Puccinellia distans,slender salt-meadow grass,FACW,FACW,FACW,,Y
Puccinellia nuttalliana,Nuttall's salt-meadow grass,FACW,OBL,OBL,FACW,Y
Pyrola asarifolia,common pink wintergreen,FACU,FACU,FACW,FACU,Y
Pyrola chlorantha,greenish-flowered wintergreen,FACU,FACU,FACU,FACU,Y
Pyrola elliptica,white wintergreen,UPL,UPL,FACU,,Y
Pyrola grandiflora,Arctic wintergreen,,,,FAC,Y
Pyrola minor,lesser wintergreen,FACU,FACU,FAC,FAC,Y
Pyrola picta,white-veined wintergreen,,,,,N
Pyrrocoma lanceolata,lance-leaved ironplant,FAC,FACU,,,Y
Pyrrocoma uniflora,one-flowered ironplant,FACW,FAC,,,Y
Quercus macrocarpa,burr oak,FACU,FACU,FACU,,Y
Ranunculus abortivus,small-flowered buttercup,FACW,FAC,FAC,FAC,Y
Ranunculus acris,tall buttercup,FAC,FACW,FAC,FACW,Y
Ranunculus aquatilis,large-leaved white water crowfoot,OBL,OBL,,OBL,Y
Ranunculus cardiophyllus,heart-leaved buttercup,FACW,FACW,,,Y
Ranunculus cymbalaria,seaside buttercup,,,,,N
Ranunculus eschscholtzii,mountain buttercup,FACW,FACW,,FACW,Y
Ranunculus flabellaris,yellow water-crowfoot,OBL,OBL,OBL,,Y
Ranunculus flammula,creeping spearwort,FACW,FACW,FACW,FACW,Y
Ranunculus glaberrimus,early buttercup,FACU,FAC,,,Y
Ranunculus gmelinii,yellow water crowfoot,FACW,FACW,FACW,FACW,Y
Ranunculus grayi,Gray's buttercup,FAC,,,FACW,Y
Ranunculus hyperboreus,boreal buttercup,OBL,OBL,,OBL,Y
Ranunculus inamoenus,graceful buttercup,FACW,FACW,,,Y
Ranunculus macounii,Macoun's buttercup,OBL,OBL,OBL,FACW,Y
Ranunculus nivalis,snow buttercup,,,,FACW,Y
Ranunculus occidentalis,western buttercup,FACW,,,FACW,Y
Ranunculus pedatifidus,northern buttercup,,,,,N
Ranunculus pensylvanicus,bristly buttercup,FACW,FACW,OBL,FACW,Y
Ranunculus pygmaeus,dwarf buttercup,FAC,FACW,,FACW,Y
Ranunculus repens,creeping buttercup,FAC,FACW,FAC,FAC,Y
Ranunculus rhomboideus,prairie buttercup,,,,,N
Ranunculus sceleratus,celery-leaved buttercup,OBL,OBL,OBL,OBL,Y
Ranunculus uncinatus,hairy buttercup,FAC,FACW,,FAC,Y
Raphanus raphanistrum,wild radish,,,,,N
Ratibida columnifera,prairie coneflower,,,,,N
Rhamnus alnifolia,alder-leaved buckthorn,FACW,FACW,OBL,,Y
Rhamnus catharticus,common buckthorn,,,,,N
Rhaponticum repens,Russian knapweed,,,,,N
Rheum rhabarbarum,rhubarb,,,,,N
Rhinanthus minor,yellow rattle,FACU,FACU,FAC,FACU,Y
Rhodiola integrifolia,rose-root,FACU,FACU,UPL,FAC,Y
Rhododendron albiflorum,white-flowered rhododendron,FACU,FACW,,,Y
Rhododendron groenlandicum,common Labrador tea,OBL,FACW,OBL,FAC,Y
Rhododendron lapponicum,Lapland rose-bay,,,FACW,FAC,Y
Rhododendron neoglandulosum,glandular Labrador tea,,,,,N
Rhododendron tomentosum,northern Labrador tea,,,,FACW,Y
Rhus trilobata,skunkbush,,,,,N
Rhynchospora capillacea,slender beak-rush,,OBL,OBL,,Y
Ribes americanum,wild black currant,FAC,FACW,FACW,,Y
Ribes aureum,golden currant,FAC,FACU,FACU,,Y
Ribes cereum,wax currant,,,,,N
Ribes glandulosum,skunk currant,,OBL,FACW,FAC,Y
Ribes hirtellum,wild gooseberry,FAC,FAC,FACW,,Y
Ribes hudsonianum,northern black currant,FACW,OBL,OBL,FAC,Y
Ribes inerme,mountain gooseberry,FAC,FACW,,,Y
Ribes lacustre,bristly black currant,FAC,FACW,FACW,FAC,Y
Ribes laxiflorum,mountain currant,FACU,FACU,,FACU,Y
Ribes oxyacanthoides,northern gooseberry,FACW,FACU,FACU,FACU,Y
Ribes triste,wild red currant,FAC,OBL,OBL,FAC,Y
Ribes viscosissimum,sticky currant,FAC,FACU,,,Y
Ribes watsonianum,spring gooseberry,,,,,N
Romanzoffia sitchensis,Sitka romanzoffia,FACW,FACW,,FACW,Y
Rorippa austriaca,Austrian cress,FAC,FACW,FAC,,Y
Rorippa curvipes,blunt-leaved watercress,FACW,OBL,FACW,,Y
Rorippa palustris,marsh yellow cress,OBL,OBL,OBL,FAC,Y
Rorippa sinuata,spreading yellow cress,FAC,FACW,FACW,,Y
Rorippa sylvestris,creeping yellow cress,OBL,FACW,OBL,FAC,Y
Rorippa tenerrima,slender cress,FAC,FAC,,,Y
Rosa acicularis,prickly rose,FACU,FACU,FACU,FACU,Y
Rosa arkansana,prairie rose,FACU,FACU,FACU,,Y
Rosa woodsii,common wild rose,FACU,FACU,FACU,UPL,Y
Rubus arcticus,dwarf raspberry,FAC,FACW,FACW,FAC,Y
Rubus chamaemorus,cloudberry,,,FACW,FACW,Y
Rubus idaeus,wild red raspberry,FACU,FACU,FACU,FACU,Y
Rubus parviflorus,thimbleberry,FACU,FACU,FACU,FACU,Y
Rubus pedatus,dwarf bramble,FACU,FAC,,FAC,Y
Rubus pubescens,dewberry,FAC,FACW,FACW,FACW,Y
Rubus x paracaulis,hybrid dwarf raspberry,,,,,N
Rudbeckia hirta,black-eyed Susan,FACU,FACU,FACU,,Y
Rumex acetosa,green sorrel,FAC,,UPL,FAC,Y
Rumex acetosella,sheep sorrel,FACU,FAC,FACU,FAC,Y
Rumex britannica,water dock,OBL,OBL,OBL,,Y
Rumex confertus,dock,,,,,N
Rumex crispus,curled dock,FAC,FAC,FAC,FAC,Y
Rumex dentatus,toothed dock,FACW,FACU,FACU,,Y
Rumex fueginus,American Golden Dock,FACW,FACW,FACW,FACW,Y
Rumex lapponicus,Lapland sorrel,UPL,FAC,,UPL,Y
Rumex longifolius,long-leaved dock,,FAC,FAC,FAC,Y
Rumex occidentalis,western dock,FACW,OBL,OBL,OBL,Y
Rumex pseudonatronatus,field dock,,,,,N
Rumex stenophyllus,narrow-leaved field dock,FACW,FACW,FACW,,Y
Rumex triangulivalvis,narrow-leaved dock,FAC,FACW,FAC,,Y
Rumex utahensis,Utah dock,,,,,N
Rumex venosus,wild begonia,FACU,FAC,UPL,,Y
Ruppia cirrhosa,widgeon-grass,OBL,OBL,OBL,OBL,Y
Sagina nivalis,pearlwort,FACW,FACW,,FAC,Y
Sagina nodosa,pearlwort,,,FACU,,Y
Sagina saginoides,mountain pearlwort,FACW,FACW,,FAC,Y
Sagittaria cuneata,arum-leaved arrowhead,OBL,OBL,OBL,OBL,Y
Sagittaria latifolia,broad-leaved arrowhead,OBL,OBL,OBL,,Y
Salicornia rubra,samphire,OBL,OBL,OBL,,Y
Salix alaxensis,Alaska willow,,,,FAC,Y
Salix amygdaloides,peach-leaved willow,FACW,FACW,FACW,,Y
Salix arbusculoides,shrubby willow,,,,FACW,Y
Salix arctica,Arctic willow,FAC,,,FACU,Y
Salix athabascensis,Athabasca willow,,,,OBL,Y
Salix barclayi,Barclay's willow,FACW,OBL,,FAC,Y
Salix barrattiana,Barratt's willow,FACW,,,FACW,Y
Salix bebbiana,beaked willow,FACW,FACW,FACW,FAC,Y
Salix boothii,Booth's willow,FACW,,,OBL,Y
Salix brachycarpa,short-capsuled willow,FACW,,,,Y
Salix calcicola,woolly willow,,,,,N
Salix candida,hoary willow,OBL,OBL,OBL,OBL,Y
Salix commutata,changeable willow,OBL,,,FAC,Y
Salix daphnoides,Daphne's willow,,,FAC,,Y
Salix discolor,pussy willow,FACW,FACW,FACW,,Y
Salix drummondiana,Drummond's willow,FACW,FACW,,,Y
Salix exigua,narrow-leaf willow,FACW,FACW,,,Y
Salix famelica,hungry willow,FACW,FACW,FACW,,Y
Salix farriae,Farr's willow,OBL,OBL,,,Y
Salix glauca,smooth willow,FACW,FACW,,FAC,Y
Salix interior,sandbar willow,FACW,FACW,FACW,FACW,Y
Salix lasiandra,shinning willow,FACW,FACW,,FACW,Y
Salix maccalliana,velvet-fruited willow,FACW,OBL,OBL,,Y
Salix melanopsis,dusky willow,OBL,FACW,,,Y
Salix myrtillifolia,myrtle-leaved willow,FACW,,,FACW,Y
Salix nivalis,snow willow,FACW,,,,Y
Salix pedicellaris,bog willow,OBL,OBL,OBL,,Y
Salix pentandra,laurel willow,,,,,N
Salix petiolaris,basket willow,OBL,OBL,FACW,,Y
Salix petrophila,alpine willow,,,,,N
Salix planifolia,flat-leaved willow,OBL,OBL,OBL,FACW,Y
Salix prolixa,Mackenzie's willow,OBL,FACW,,FACW,Y
Salix pseudomonticola,false mountain willow,FACW,FACW,FACW,FAC,Y
Salix pseudomyrsinites,tall blueberry willow,,,,,N
Salix pyrifolia,balsam willow,,OBL,FACW,,Y
Salix raupii,Raup's willow,,,,,N
Salix reticulata,net-veined willow,FAC,,,FAC,Y
Salix scouleriana,Scouler's willow,FAC,FACU,,FAC,Y
Salix serissima,autumn willow,OBL,OBL,OBL,,Y
Salix sitchensis,Sitka willow,FACW,FACW,,FAC,Y
Salix stolonifera,creeping willow,,,,,N
Salix tyrrellii,Tyrrell's willow,,,,,N
Salix vestita,rock willow,FAC,,,,Y
Salsola collina,slender Russian-thistle,,,,,N
Salsola tragus,Russian-thistle,FACU,FACU,FACU,,Y
Salvia nemorosa,wood sage,,,,,N
Sambucus racemosa,red elderberry,FACU,FACU,FACU,FACU,Y
Sanicula marilandica,snakeroot,FAC,FACU,FACU,,Y
Saponaria officinalis,soapwort,UPL,FACU,FACU,,Y
Sarcobatus vermiculatus,greasewood,FACU,FAC,,,Y
Sarracenia purpurea,pitcher-plant,OBL,OBL,OBL,,Y
Saussurea americana,American saw-wort,FACW,,,FACW,Y
Saussurea densa,dwarf saw-wort,,,,,N
Saxifraga adscendens,wedge-leaved saxifrage,FACW,FACW,,FACU,Y
Saxifraga aizoides,yellow mountain saxifrage,,,FACW,FACW,Y
Saxifraga bronchialis,spotted saxifrage,,,,,N
Saxifraga cernua,nodding saxifrage,FACW,FACU,FACW,FACW,Y
Saxifraga cespitosa,tufted saxifrage,,,,,N
Saxifraga flagellaris,spiderplant,,,,,N
Saxifraga hyperborea,brook saxifrage,,,,FACU,Y
Saxifraga mertensiana,Merten's saxifrage,FACW,OBL,,FACW,Y
Saxifraga oppositifolia,purple saxifrage,FACU,FAC,FAC,FAC,Y
Saxifraga tricuspidata,three-toothed saxifrage,,,UPL,FACU,Y
Sceptridium multifidum,leather grapefern,FAC,FAC,FACU,FAC,Y
Sceptridium oneidense,blunt-lobe grape-fern,,,FAC,,Y
Schedonnardus paniculatus,tumble grass,,,,,N
Scheuchzeria palustris,scheuchzeria,OBL,OBL,OBL,OBL,Y
Schizachne purpurascens,purple oat grass,UPL,FACU,FACU,FAC,Y
Schizachyrium scoparium,little bluestem,FACU,FACU,FACU,,Y
Schoenoplectus acutus,great bulrush,OBL,OBL,OBL,OBL,Y
Schoenoplectus pungens,three-square rush,OBL,OBL,OBL,,Y
Schoenoplectus tabernaemontani,common great bulrush,OBL,OBL,OBL,OBL,Y
Scirpus atrocinctus,black-girdled bulrush,OBL,OBL,OBL,,Y
Scirpus microcarpus,small-fruited bulrush,OBL,OBL,OBL,OBL,Y
Scirpus pallidus,pale bulrush,OBL,OBL,OBL,,Y
Scleranthus annuus,knawel,UPL,FACU,FACU,,Y
Scolochloa festucacea,spangletop,OBL,OBL,OBL,OBL,Y
Scutellaria galericulata,marsh skullcap,OBL,OBL,OBL,OBL,Y
Secale cereale,rye,,,,,N
Securigera varia,field crown-vetch,,,,,N
Sedum acre,mossy stonecrop,,,,,N
Sedum divergens,spreading stonecrop,,,,,N
Sedum lanceolatum,lance-leaved stonecrop,,,,,N
Sedum stenopetalum,narrow-petaled stonecrop,,,,,N
Selaginella densa,prairie selaginella,,,,,N
Selaginella rupestris,rock little club-moss,,,,,N
Selaginella scopulorum,Rocky Mountain spikemoss,,,,,N
Selaginella selaginoides,spiny-edged little club-moss,FACW,,FACW,FACU,Y
Selaginella standleyi,Standley's spikemoss,,,,,N
Selaginella wallacei,Wallace's little club-moss,,,,,N
Senecio eremophilus,cut-leaved ragwort,FACU,FAC,FACW,FACU,Y
Senecio fremontii,mountain butterweed,,,,,N
Senecio hydrophiloides,ragwort,FACW,FACW,,,Y
Senecio integerrimus,entire-leaved groundsel,FACU,FAC,FAC,,Y
Senecio lugens,black-tipped groundsel,FAC,FACW,,FAC,Y
Senecio megacephalus,large-flowered ragwort,,,,,N
Senecio triangularis,brook ragwort,FACW,OBL,,FACW,Y
Senecio viscosus,sticky groundsel,,,,,N
Senecio vulgaris,common groundsel,FACU,FACU,FACU,FACU,Y
Setaria glauca,yellow foxtail,,,,,N
Setaria viridis,green foxtail,,,,,N
Shepherdia argentea,thorny buffaloberry,FACU,UPL,FACU,,Y
Shepherdia canadensis,Canada buffaloberry,UPL,FACU,UPL,FACU,Y
Shinnersoseris rostrata,annual skeletonweed,,,,,N
Sibbaldia procumbens,sibbaldia,FACU,FACU,FACU,FACU,Y
Sibbaldia tridentata,three-toothed cinquefoil,,FACU,FACU,,Y
Silene acaulis,moss campion,UPL,FAC,UPL,UPL,Y
Silene antirrhina,sleepy catchfly,,,,,N
Silene chalcedonica,Maltese cross,,,,,N
Silene conoidea,large sand catchfly,,,,,N
Silene cserei,smooth catchfly,,,,,N
Silene drummondii,Drummond's cockle,,,,,N
Silene hitchguirei,mountain campion,,,,,N
Silene involucrata,alpine bladder catchfly,,,,,N
Silene latifolia,"white cockle, bladder campion",,,,,N
Silene menziesii,Menzies' catchfly,FAC,UPL,,FAC,Y
Silene noctiflora,night-flowering catchfly,,,,,N
Silene parryi,Parry's campion,,,,,N
Silene scouleri,Scouler's catchfly,,,,,N
Silene uralensis,nodding campion,FAC,FACW,,FAC,Y
Silene vulgaris,bladder campion,,,,,N
Silybum marianum,milk thistle,,,,,N
Sinapis alba,white mustard,FAC,FAC,FACU,,Y
Sinapis arvensis,wild mustard,,,,,N
Sisymbrium altissimum,tumbling mustard,FACU,FACU,FACU,FACU,Y
Sisymbrium linifolium,narrow-leaved mustard,,,,,N
Sisymbrium loeselii,tall hedge mustard,,,,,N
Sisymbrium officinale,hedge mustard,,,,,N
Sisyrinchium montanum,common blue-eyed grass,FAC,FAC,FAC,FACW,Y
Sisyrinchium septentrionale,pale blue-eyed grass,FACW,FAC,,,Y
Sium suave,water parsnip,OBL,OBL,OBL,OBL,Y
Smelowskia calycina,silver rock cress,,,,,N
Solanum dulcamara,climbing nightshade,FAC,FACU,FAC,,Y
Solanum nigrum,black nightshade,FACU,,FACU,FACU,Y
Solanum sarrachoides,hairy nightshade,,,,,N
Solanum triflorum,wild tomato,,,,,N
Solidago altissima,tall goldenrod,FACU,FACU,FACU,,Y
Solidago gigantea,late goldenrod,FACW,FAC,FACW,,Y
Solidago lepida,elegant goldenrod,FAC,FACU,FACU,FACU,Y
Solidago missouriensis,low goldenrod,,,,,N
Solidago mollis,velvety goldenrod,,,,,N
Solidago multiradiata,alpine goldenrod,FACU,FACU,FACU,FACU,Y
Solidago nemoralis,showy goldenrod,,,,,N
Solidago rigida,stiff goldenrod,FACU,FACU,FACU,,Y
Solidago simplex,sticky goldenrod,FACU,FACU,FACU,UPL,Y
Sonchus arvensis,perennial sow-thistle,FACU,FAC,FACU,FACU,Y
Sonchus asper,prickly annual sow-thistle,FACU,FAC,FACU,FACU,Y
Sonchus oleraceus,annual sow-thistle,UPL,UPL,FACU,UPL,Y
Sorbaria sorbifolia,false spiraea,,,,,N
Sorbus aucuparia,European mountain-ash,,,,,N
Sorbus scopulina,western mountain-ash,FACU,FACU,,FACU,Y
Sorbus sitchensis,Sitka mountain ash,FAC,FAC,,FACU,Y
Sparganium angustifolium,narrow-leaved bur-reed,OBL,OBL,OBL,OBL,Y
Sparganium emersum,green-fruited burreed,OBL,OBL,OBL,OBL,Y
Sparganium eurycarpum,giant bur-reed,OBL,OBL,OBL,,Y
Sparganium fluctuans,floating bur-reed,OBL,OBL,OBL,,Y
Sparganium glomeratum,clustered burreed,,OBL,OBL,,Y
Sparganium hyperboreum,northern bur-reed,,,,OBL,Y
Sparganium natans,small bur-reed,OBL,OBL,OBL,OBL,Y
Spartina gracilis,alkali cord grass,FACW,FACW,FACW,,Y
Spartina pectinata,prairie cord grass,OBL,FACW,FACW,,Y
Spergula arvensis,corn spurry,,,,,N
Spergularia diandra,sand spurry,FACW,FACW,,,Y
Spergularia salina,salt-marsh sand spurry,,,,,N
Sphaeralcea coccinea,scarlet mallow,,,,,N
Sphenopholis intermedia,slender wedge grass,FAC,FAC,FAC,FAC,Y
Sphenopholis obtusata,prairie wedge grass,FAC,FAC,FAC,,Y
Spinacia oleracea,spinach,,,,,N
Spiraea alba,narrow-leaved meadowsweet,FACW,FACW,FACW,,Y
Spiraea betulifolia,white meadowsweet,FACU,FACU,FACU,,Y
Spiraea splendens,pink meadowsweet,,,,,N
Spiranthes lacera,northern slender ladies'-tresses,,FAC,FAC,,Y
Spiranthes romanzoffiana,hooded ladies'-tresses,FACW,OBL,OBL,OBL,Y
Spirodela polyrhiza,larger duckweed,OBL,OBL,OBL,,Y
Sporobolus cryptandrus,sand dropseed,FACU,FACU,FACU,,Y
Sporobolus neglectus,annual dropseed,UPL,UPL,FACU,,Y
Stachys pilosa,marsh hedge-nettle,FACW,FACW,FACW,FACW,Y
Stellaria americana,American chickweed,,,,,N
Stellaria borealis,boreal starwort,FACW,FACW,FACW,FACW,Y
Stellaria calycantha,northern stitchwort,FACW,FACW,,FACW,Y
Stellaria crassifolia,fleshy stitchwort,FACW,OBL,FACW,FACW,Y
Stellaria crispa,wavy-leaved chickweed,FAC,FACW,,FAC,Y
Stellaria longifolia,long-leaved chickweed,FACW,FACW,FACW,FAC,Y
Stellaria longipes,long-stalked chickweed,FACW,FACW,FAC,FAC,Y
Stellaria media,common chickweed,FACU,FACU,FACU,UPL,Y
Stellaria obtusa,chickweed,FACW,FACW,,,Y
Stellaria umbellata,chickweed,FACW,FACW,,FACW,Y
Stenanthium occidentale,bronzebells,,,,,N
Stephanomeria runcinata,rush-pink,,,,,N
Streptopus amplexifolius,clasping-leaved twisted-stalk,FAC,FACW,FAC,FACU,Y
Streptopus lanceolatus,rose mandarin,FAC,FAC,FACU,FACU,Y
Streptopus streptopoides,twisted-stalk,FACW,,,FAC,Y
Stuckenia filiformis,thread-leaved pondweed,OBL,OBL,OBL,OBL,Y
Stuckenia pectinata,sago pondweed,OBL,OBL,OBL,OBL,Y
Stuckenia vaginata,large-sheath pondweed,OBL,OBL,OBL,OBL,Y
Suaeda calceoliformis,western sea-blite,FACW,FACW,FACW,FACW,Y
Suaeda nigra,Moquin's sea-blite,OBL,OBL,,,Y
Suckleya suckleyana,poison suckleya,FACW,FACW,,,Y
Suksdorfia ranunculifolia,suksdorfia,,,,,N
Suksdorfia violacea,blue suksdorfia,FAC,FAC,,,Y
Symphoricarpos albus,snowberry,FACU,UPL,FACU,FACU,Y
Symphoricarpos occidentalis,buckbrush,FAC,UPL,FACU,,Y
Symphyotrichum ascendens,western aster,FACU,FACU,,,Y
Symphyotrichum boreale,marsh aster,OBL,OBL,OBL,OBL,Y
Symphyotrichum campestre,meadow aster,,,,,N
Symphyotrichum ciliatum,rayless aster,FACW,FACW,FAC,FACU,Y
Symphyotrichum ciliolatum,Lindley's aster,,,,,N
Symphyotrichum cusickii,Cusick's aster,,,,,N
Symphyotrichum eatonii,Eaton's aster,,,,,N
Symphyotrichum ericoides,tufted white prairie aster,FAC,FACU,FACU,,Y
Symphyotrichum falcatum,creeping white prairie aster,FACU,FACU,FAC,FACU,Y
Symphyotrichum firmum,glossy-leaved aster,,,,,N
Symphyotrichum foliaceum,leafy-bracted aster,FACU,UPL,,UPL,Y
Symphyotrichum laeve,smooth aster,FACU,FACU,FACU,,Y
Symphyotrichum lanceolatum,western willow aster,OBL,FACW,FACW,,Y
Symphyotrichum puniceum,purple-stemmed aster,,OBL,OBL,,Y
Symphyotrichum subspicatum,leafy-bracted aster,FACW,FAC,,FAC,Y
Symphytum officinale,comfrey,,,,,N
Syringa vulgaris,common lilac,,,,,N
Tanacetum bipinnatum,Lake Huron tansy,,,,,N
Tanacetum vulgare,common tansy,FACU,FACU,FACU,UPL,Y
Taraxacum ceratophorum,northern dandelion,FACU,UPL,FAC,UPL,Y
Taraxacum erythrospermum,red-seeded dandelion,,,,,N
Taraxacum officinale,common dandelion,FACU,FACU,FACU,FACU,Y
Taraxacum scopulorum,alpine dandelion,,,,,N
Taraxia breviflora,taraxia,FAC,FACU,,,Y
Taxus brevifolia,western yew,FACU,FACU,,FACU,Y
Telesonix heucheriformis,telesonix,,,,,N
Tellima grandiflora,fringe-cups,FACU,,,FACU,Y
Tephroseris palustris,marsh ragwort,,FACW,FACW,FACW,Y
Tetraneuris acaulis,butte marigold,,,,,N
Thalictrum dasycarpum,tall meadow rue,FACW,FAC,FACW,,Y
Thalictrum occidentale,western meadow rue,FACU,,,FACU,Y
Thalictrum sparsiflorum,flat-fruited meadow rue,FAC,,,FACU,Y
Thalictrum venulosum,veiny meadow rue,FAC,FAC,FACW,,Y
Thelesperma subnudum,greenthread,,,,,N
Thermopsis rhombifolia,golden bean,FACU,UPL,FACU,,Y
Thesium arvense,thesium,,,,,N
Thinopyrum ponticum,rush wheatgrass,,,,,N
Thlaspi arvense,stinkweed,UPL,FACU,UPL,UPL,Y
Thuja plicata,western red cedar,FAC,UPL,,FAC,Y
Tiarella trifoliata,laceflower,FAC,,,FAC,Y
Tofieldia pusilla,dwarf false asphodel,FACW,,FACW,FAC,Y
Tonestus lyallii,Lyall's ironplant,,,,,N
Torreyochloa pallida,pale false mannagrass,OBL,OBL,OBL,FACW,Y
Townsendia condensata,alpine townsendia,,,,,N
Townsendia exscapa,low townsendia,,,,,N
Townsendia hookeri,Hooker's townsendia,,,,,N
Townsendia parryi,Parry's townsendia,,,,,N
Toxicodendron radicans,poison ivy,,FACU,FAC,,Y
Tradescantia occidentalis,western spiderwort,FACU,UPL,UPL,,Y
Tragopogon dubius,common goat's-beard,,,,,N
Tragopogon porrifolius,common salsify,,,,,N
Tragopogon pratensis,meadow goat's-beard,,,,,N
Transberingia bursifolia ssp. virgata,slender mouse-ear-cress,,,,,N
Triadenum fraseri,Fraser's Marsh-St. John's-wort,,,,,N
Triantha glutinosa,sticky false asphodel,OBL,OBL,OBL,FACW,Y
Triantha occidentalis,western false asphodel,FACW,FACW,,FACW,Y
Trichophorum alpinum,Hudson Bay bulrush,OBL,OBL,OBL,OBL,Y
Trichophorum cespitosum,tufted bulrush,,,,,N
Trichophorum clintonii,Clinton's bulrush,,FACU,FACU,,Y
Trichophorum pumilum,dwarf bulrush,FACW,OBL,,OBL,Y
Trientalis borealis,northern starflower,,FAC,FAC,,Y
Trientalis europaea,Arctic starflower,FAC,,,FACU,Y
Trifolium aureum,yellow clover,,,,,N
Trifolium hybridum,alsike clover,FAC,FACU,FACU,FAC,Y
Trifolium pratense,red clover,FACU,FACU,FACU,FACU,Y
Trifolium repens,white clover,FAC,FACU,FACU,FACU,Y
Triglochin maritima,seaside arrow-grass,OBL,OBL,OBL,OBL,Y
Triglochin palustris,slender arrow-grass,OBL,OBL,OBL,OBL,Y
Trigonella caerulea,trigonella,,,,,N
Trillium ovatum,western wakerobin,FACU,,,,Y
Tripleurospermum inodorum,scentless chamomile,,,,,N
Tripterocalyx micranthus,sand verbena,,,,,N
Trisetum canescens,tall trisetum,,,,,N
Trisetum cernuum,nodding trisetum,FACU,,,FACU,Y
Trisetum flavescens,yellow trisetum,,,,,N
Trisetum montanum,mountain trisetum,,,,,N
Trisetum spicatum,spike trisetum,UPL,FACU,FAC,FAC,Y
Trisetum wolfii,awnless trisetum,,,,,N
Triticum aestivum,common wheat,,,,,N
Triticum durum,durum wheat,,,,,N
Trollius albiflorus,globeflower,,,,,N
Tsuga heterophylla,western hemlock,FACU,,,FAC,Y
Turritis glabra,tower mustard,,,,,N
Typha latifolia,common cattail,OBL,OBL,OBL,OBL,Y
Ulmus americana,American elm,FAC,FAC,FACW,,Y
Urtica dioica,common nettle,FAC,FAC,FAC,FACU,Y
Urtica urens,small nettle,,,,,N
Utricularia cornuta,horned bladderwort,OBL,OBL,OBL,,Y
Utricularia intermedia,flat-leaved bladderwort,OBL,OBL,OBL,OBL,Y
Utricularia minor,small bladderwort,OBL,OBL,OBL,OBL,Y
Utricularia ochroleuca,northern bladderwort ,OBL,OBL,OBL,OBL,Y
Utricularia vulgaris,common bladderwort,,,,,N
Vaccaria pyramidata,cow cockle,,,,,N
Vaccinium caespitosum,dwarf bilberry,FAC,FAC,FACU,FACW,Y
Vaccinium membranaceum,tall bilberry,FACU,FACU,UPL,FACU,Y
Vaccinium myrtilloides,common blueberry,FACU,FACW,FACW,,Y
Vaccinium myrtillus,low bilberry,UPL,UPL,,,Y
Vaccinium ovalifolium,oval-leaved blueberry,UPL,,FACU,FAC,Y
Vaccinium oxycoccos,small bog cranberry,OBL,OBL,OBL,OBL,Y
Vaccinium scoparium,grouseberry,FACU,FACU,,,Y
Vaccinium uliginosum,bog bilberry,FACW,FAC,FAC,FAC,Y
Vaccinium vitis-idaea,bog cranberry,,FAC,FAC,FAC,Y
Vahlodea atropurpurea,mountain hair grass,FACW,,FACW,FACW,Y
Valeriana dioica,northern valerian,FACW,FACW,FACW,,Y
Valeriana sitchensis,mountain valerian,FAC,,,FAC,Y
Veratrum viride,green false hellebore,FAC,,FACW,FAC,Y
Verbascum nigrum,black mullein,,,,,N
Verbascum phlomoides,woolly mullein,,,,,N
Verbascum thapsus,common mullein,FACU,UPL,UPL,FACU,Y
Verbena bracteata,carpet vervain,FAC,FACU,FACU,,Y
Veronica agrestis,prostrate speedwell,,,,,N
Veronica americana,American brooklime,OBL,OBL,OBL,OBL,Y
Veronica anagallis-aquatica,speedwell,OBL,OBL,OBL,OBL,Y
Veronica chamaedrys,germander speedwell,UPL,UPL,UPL,UPL,Y
Veronica longifolia,spiked speedwell,,,,,N
Veronica peregrina,hairy speedwell,FACW,FACW,FAC,FACU,Y
Veronica persica,bird's-eye,,,,,N
Veronica scutellata,marsh speedwell,OBL,OBL,OBL,OBL,Y
Veronica serpyllifolia,thyme-leaved speedwell,FAC,OBL,FAC,OBL,Y
Veronica verna,spring speedwell,,,,,N
Veronica wormskjoldii,alpine speedwell,FACW,FAC,FAC,FAC,Y
Viburnum edule,low-bush cranberry,FACW,FACW,FACW,FACU,Y
Viburnum opulus,high-bush cranberry,FACW,FAC,FACW,,Y
Vicia americana,wild vetch,FAC,FACU,FACU,FACU,Y
Vicia cracca,tufted vetch,,,,,N
Viola adunca,early blue violet,FAC,FACU,FACU,FAC,Y
Viola arvensis,European field pansy,,,,,N
Viola canadensis,western Canada violet,FACU,FACU,FACU,FAC,Y
Viola epipsila,northern marsh violet,,,,,N
Viola glabella,yellow wood violet,FACW,,,FACW,Y
Viola macloskeyi,small white violet,OBL,FACW,OBL,,Y
Viola nephrophylla,bog violet,FACW,FACW,FACW,,Y
Viola nuttallii,yellow prairie violet,,,,,N
Viola orbiculata,evergreen violet,,,,,N
Viola palustris,marsh violet,OBL,FACW,FACW,FACW,Y
Viola pedatifida,crowfoot violet,UPL,FACU,FACU,,Y
Viola praemorsa,broad leaved yellow prairie violet,,,,,N
Viola renifolia,kidney-leaved violet,FACW,FACW,FACW,FAC,Y
Viola selkirkii,great-spurred violet,,,,,N
Viola tricolor,pansy,,,,,N
Viola vallicola,valley violet,,,,,N
Vulpia octoflora,six-weeks fescue,UPL,FACU,FACU,,Y
Wolffia borealis,northern watermeal,OBL,OBL,OBL,,Y
Wolffia columbiana,Columbia watermeal,OBL,OBL,OBL,,Y
Woodsia glabella,smooth woodsia,,,,,N
Woodsia ilvensis,rusty woodsia,,,,,N
Woodsia oregana,Oregon woodsia,,,,,N
Woodsia scopulina,mountain woodsia,,,,,N
Woodsia x maxonii,Maxon's woodsia,,,,,N
x Agroelymus bowdenii,hybrid wheatgrass,,,,,N
x Elyhordeum macounii,Macoun's wild rye,FACU,FAC,FACU,UPL,Y
x Elyleymus hirtiflorus,hybrid wheatgrass,,,,,N
x Elyleymus turneri,hybrid wheatgrass,,,,,N
Xanthisma grindelioides,toothed ironplant,,,,,N
Xanthisma spinulosum,spiny ironplant,FACU,UPL,,,Y
Xanthium strumarium,cocklebur,FAC,FAC,FAC,,Y
Xerophyllum tenax,beargrass,FACU,FAC,,FACU,Y
Yucca glauca,soapweed,,,,,N
Zannichellia palustris,horned pondweed,OBL,OBL,OBL,OBL,Y
Zigadenus elegans,white camas,,,,,N
Zigadenus venenosus,death camas,,,,,N
Zizania aquatica,wild rice,,OBL,OBL,,Y
Zizania palustris,northern wild rice,OBL,OBL,OBL,,Y
Zizia aptera,heart-leaved Alexanders,FAC,FAC,FACU,,Y
,,,,,,
,,,,,,
,,,,,,
,,,,,,
z,,,,,,
