Scientific Name –ITIS (2014),Common Name ACMIS (2013),Wetland Classes,Stratum
Betula neoalaskana Sarg.,Alaska birch,S,Tree
Betula papyrifera Marsh.,white birch,S,Tree
Larix laricina (Du Roi) K. Koch,tamarack,"F, S",Tree
Picea mariana (Mill.) BSP.,black spruce,"B, F, S",Tree
Populus angustifolia James,narrow-leaf cottonwood,S,Tree
Populus balsamifera L.,balsam poplar,S,Tree
Populus deltoides Bartr. ex Marsh.,plains cottonwood,S,Tree
Alnus incana ssp. tenuifolia (Nutt.) Breitung,river alder,S,Shrub
Alnus viridis (Vill.) Lam. & DC.,green alder,S,Shrub
Andromeda polifolia L.,bog rosemary,"B, F, S",Shrub
Betula glandulosa Michx.,bog birch,F,Shrub
Betula occidentalis Hook.,water birch,"F, S",Shrub
Betula pumila L.,dwarf birch,"B, F, S",Shrub
Chamaedaphne calyculata (L.) Moench,leatherleaf,"B, F",Shrub
Cornus sericea L.,red-osier dogwood,S,Shrub
Elaeagnus commutata Bernh. ex Rydb.,silverberry,S,Shrub
Empetrum nigrum L.,crowberry,"B, F",Shrub
Gaultheria hispidula (L.) Muhl. ex Bigelow,creeping snowberry,"B, F, S",Shrub
Kalmia microphylla (Hook.)  Heller,mountain laurel,"B, F",Shrub
Kalmia polifolia Wang.,northern laurel,"B, F, S",Shrub
Linnaea borealis L.,twinflower,"B, F, S",Shrub
Lonicera caerulea L.,fly honeysuckle,"B, F, S",Shrub
Lonicera dioica L.,twining honeysuckle,S,Shrub
Lonicera involucrata (Richardson) Banks,bracted honeysuckle,"F, S",Shrub
Lycopodium annotinum L.,stiff club-moss,"B, F, S",Shrub
Myrica gale L.,sweet gale,"F, S",Shrub
Prunus virginiana L.,choke cherry,S,Shrub
Rhamnus alnifolia L'Her.,alder-leaved buckthorn,"F, S",Shrub
Rhododendron groenlandicum Oeder,common Labrador tea,"B, F, S",Shrub
Rhododendron tomentosum Harmaja,northern Labrador tea,B,Shrub
Ribes americanum P. Mill.,wild black currant,S,Shrub
Ribes glandulosum Grauer,skunk currant,S,Shrub
Ribes hudsonianum Richards.,northern black currant,"F, S",Shrub
Ribes lacustre (Pers.) Poir.,bristly black currant,"F, S",Shrub
Ribes triste Pall.,wild red currant,"F, S",Shrub
Rubus idaeus L.,wild red raspberry,"B, F, S",Shrub
Salix arbusculoides Andersson,shrubby willow,"F, S",Shrub
Salix bebbiana Sarg.,beaked willow,"F, S",Shrub
Salix candida Flüggé ex Willd.,hoary willow,"F, S",Shrub
Salix discolour Muhl.,pussy willow,"F, S",Shrub
Salix exigua Nutt.,sandbar willow,"F, S",Shrub
Salix glauca L.,smooth willow,"F, S",Shrub
Salix lucida Muhl.,shiny willow,"F, S",Shrub
Salix maccalliana Rowlee,velvet-fruited willow,"F, S",Shrub
Salix pedicellaris Pursh,bog willow,"F, S",Shrub
Salix petiolaris J.E. Sm.,basket willow,F,Shrub
Salix planifolia Pursh,flat-leaved willow,"F, S",Shrub
Salix pyrifolia Andersson,balsam willow,"F, S",Shrub
Salix scouleriana Barratt ex Hook.,Scouler willow,"F, S",Shrub
Salix serissima (Bailey) Fernald,autumn willow,F,Shrub
Sambucus racemosa L.,red elderberry,S,Shrub
Sarcobatus vermiculatus (Hook.) Torr.,greasewood,M,Shrub
Spiraea alba Du Roi,narrow-leaved meadowsweet,"F, S",Shrub
Vaccinium oxycoccos L.,small bog cranberry,"B, F, S",Shrub
Vaccinium vitis-idaea L.,bog cranberry,"B, F, M, S",Shrub
Viburnum edule (Michx.) Raf.,low-bush cranberry,S,Shrub
Viburnum opulus var. americanum Aiton,high bush-cranberry,"F, S",Shrub
Achillea millefolium L.,common yarrow,"M, S",Ground
Actaea rubra (Ait.) Willd.,red and white baneberry,S,Ground
Adoxa moschatellina L.,moschatel,S,Ground
Agrimonia striata Michx.,agrimony,M,Ground
Agoseris glauca (Pursh) Raf.,yellow false dandelion,M,Ground
Alisma gramineum Lej.,narrow-leaved water-plantain,M,Ground
Alisma plantago-aquatica L.,broad-leaved water-plantain,M,Ground
Alisma triviale Pursh,broad-leaved water-plantain,M,Ground
Allium schoenoprasum L.,wild chives,M,Ground
Almutaster pauciflorus (Nutt.) A. & D. Löve,few-flower aster,"M, W",Ground
Amaranthus retroflexus L.,red-root pigweed,M,Ground
Ambrosia psilostachya DC,perennial ragweed,M,Ground
Androsace occidentalis Pursh.,western fairy candelabra,M,Ground
Anemone canadensis L.,Canada anemone,"M, S",Ground
Anemone quinquefolia L.,wood anemone,S,Ground
Apocynum cannabinum L.,Indian hemp,M,Ground
Aralia nudicaulis L.,wild sarsaparilla,"F, S",Ground
Arnica chamissonis Less.,leafy arnica,"F, M, W",Ground
Artemisia biennis Willd.,biennial sagewort,M,Ground
Artemisia ludoviciana Nutt.,prairie sagewort,M,Ground
Astragalus alpinus L.,alpine milk vetch,M,Ground
Astragalus americanus (Hook.) Jones,American milk vetch,"M, S",Ground
Astragalus canadensis L.,Canadian milk vetch,M,Ground
Atriplex argentea Nutt.,silver saltbrush,"M, W",Ground
Atriplex micrantha Mey.,saltbush,M,Ground
Atriplex powellii S. Wats.,Powell's saltbush,M,Ground
Atriplex prostrata Bouchér ex DC.,prostrate saltbush,M,Ground
Atriplex subspicata (Nutt.) Rydb.,spearscale saltbush,"M, W",Ground
Atriplex truncata (Torr. ex S. Wats.) A. Gray,saltbush,"M, W",Ground
Bacopa rotundifolia (Michx.) Wettst.,water hyssop,M,Ground
Barbarea orthoceras Ledeb.,American winter cress,M,Ground
Bidens cernua L.,nodding beggarticks,"M, F, S",Ground
Bidens frondosa L.,common beggarticks,M,Ground
Bistorta vivipara (L.) Delarbre,alpine bistort,M,Ground
Brasenia schreberi J.F. Gmel.,watershield,"F, M, W",Ground
Calla palustris L.,water arum,"F, M, S",Ground
Callitriche hermaphroditica L.,northern water-starwort,"M, W",Ground
Callitriche palustris L.,vernal water-starwort,"F, M",Ground
Caltha natans Pall. ex Georgi,floating marsh-marigold,"F, M, W",Ground
Caltha palustris L.,marsh marigold,"F, M, S",Ground
Canadanthus modestus (Lindl.) Nesom,large northern aster,"F, M",Ground
Capsella bursa-pastoris (L.) Medik.,shepherd's purse,M,Ground
Cardamine pensylvanica Muhl. ex Willd.,bittercress,"M, S",Ground
Cardamine pratensis L.,meadow bitter cress,M,Ground
Castilleja raupii Pennell,purple paintbrush,M,Ground
Cerastium arvense L.,field mouse-ear chickweed,M,Ground
Chamerion angustifolium ssp. angustifolium (L.) Holub,common fireweed,"F, M, S",Ground
Chamerion latifolium (L.) Holub,broad-leaved fireweed,"M, F",Ground
Chenopodium album L.,lamb's quarters,M,Ground
Chenopodium capitatum Aschers,strawberry blite,M,Ground
Chenopodium rubrum L.,red goosefoot,M,Ground
Chenopodium glaucum var. salinum (Standl.) B. Boivin,oak-leaved goosefoot,"F, M. S",Ground
Chrysosplenium iowense Rybd.,golden saxifrage,"F, M",Ground
Chrysosplenium tetrandrum (Lund) Th. Fr.,green saxifrage,"F, M",Ground
Cicuta bulbifera L.,bulb-bearing water-hemlock,"F, M, S",Ground
Cicuta maculata L.,water-hemlock,"F, M, S",Ground
Cicuta virosa L.,narrow-leaved water-hemlock,M,Ground
Cinna latifolia (Trevir. ex. Gopp) Griseb,drooping wood-reed,M,Ground
Circaea alpina L.,small enchanter's nightshade,S,Ground
Cirsium arvense (L.) Scop.,creeping thistle,"M, S",Ground
Coeloglossum viride (L.) Hartm.,bracted bog orchid,M,Ground
Comarum palustre L.,marsh cinquefoil,"B, F, M, S",Ground
Conium maculatum L.,poison hemlock,M,Ground
Corallorhiza trifida Chat,pale coralroot,"F, S",Ground
Conyza canadensis (L.) Cronquist,horseweed,M,Ground
Coptis trifolia (L.) Salisb.,goldthread,"M, S",Ground
Corydalis aurea Willd.,golden corydalis,M,Ground
Cornus canadensis L.,bunchberry,S,Ground
Crepis runcinata (James) Torr. & Gray.,scapose hawk’s-beard,M,Ground
Crepis tectorum L.,annual hawk's-beard,M,Ground
Cyclachaena xanthifolia (Nutt.) Fresen,false ragweed,"F, M, W",Ground
Cypripedium acaule Ait.,stemless lady's-slipper,"B, S",Ground
Cypripedium parviflorum Salisb.,yellow lady's-slipper,M,Ground
Delphinium glaucum Wats.,tall larkspur,"M, S",Ground
Descurainia sophia (L.) Webb ex Prantl,flixweed,M,Ground
Dracocephalum parviflorum Nutt.,American dragonhead,M,Ground
Drosera anglica Huds.,great sundew,"B, F",Ground
Drosera linearis Goldie,slender-leaved sundew,"B, F, S",Ground
Drosera rotundifolia L.,round-leaved sundew,"B, F, S",Ground
Dryopteris carthusiana (Vill.) Fuchs,narrow spinulose shield fern,S,Ground
Dryopteris cristata (L.) Gray,crested shield fern,S,Ground
Elatine triandra Schkuhr.,waterwort,M,Ground
Ellisia nyctelea (L.) L.,waterpod,M,Ground
Elodea bifoliata St. John,two-leaved waterweed,"F, M",Ground
Elodea canadensis Mitchx.,Canada waterweed,"M, W",Ground
Epilobium ciliatum Raf.,northern willowherb,"B, F, M, S",Ground
Epilobium leptophyllum Raf.,narrow-leaved willowherb,"B, F, M, S",Ground
Epilobium palustre L,marsh willowherb,"F, M, S",Ground
Epilobium campestre (Jeps.) Hoch & Wagner,smooth boisduvalia,"F, M. W",Ground
Equisetum arvense L.,common horsetail,"B, F, M, S",Ground
Equisetum fluviatile L.,swamp horsetail,"B, F, M, S",Ground
Equisetum hyemale L.,common scouring-rush,M,Ground
Equisetum laevigatum A. Braun.,smooth scouring-rush,M,Ground
Equisetum palustre L.,marsh horsetail,"B, F, M, S",Ground
Equisetum pratense Ehrh.,meadow horsetail,"F, M, S",Ground
Equisetum scirpoides Michx.,dwarf scouring-rush,"B, F, M, S",Ground
Equisetum sylvaticum L.,woodland horsetail,"B, M, S",Ground
Equisetum variegatum Schleich. ex Weber & Mohr,variegated horsetail,"M, S",Ground
Eriogonum androsaceum Benth.,cushion umbrella-plant,F,Ground
Erigeron acris L.,northern daisyfleabane,M,Ground
Erigeron elatus (Hook.) Greene,tall fleabane,M,Ground
Erigeron lonchophyllus Hook.,fleabane,M,Ground
Erigeron philadelphicus L.,Philadelphia fleabane,"M, S",Ground
Erysimum cheiranthoides L.,wormseed mustard,M,Ground
Eutrochium maculatum (L.) Lamont,spotted Joe-pye weed,"S, M",Ground
Eurybia sibirica (L.) Nesom,Arctic aster,M,Ground
Euthamia graminifolia (L.) Nutt.,flat-topped goldenrod,M,Ground
Fallopia convolvulus (L.) Löve,wild buckwheat,"F, M, W",Ground
Fragaria vesca L.,woodland strawberry,M,Ground
Fragaria virginiana Duchesne,wild strawberry,M,Ground
Galearis rotundifolia (Banks ex Pursh) Bateman,round-leaved orchid,"F, S",Ground
Galeopsis tetrahit L.,hemp-nettle,"F, M",Ground
Galium boreale L.,Labrador bedstraw,"B, S",Ground
Galium labradoricum (Wiegand) Wiegand,northern bog bedstraw,"B, F, M, S",Ground
Galium trifidum L.,small bedstraw,"B, F, M, S",Ground
Galium triflorum Michx.,sweet-scented bedstraw,"F, M, S",Ground
Gentianopsis detonsa (Rottb.) Ma,northern fringed gentian,M,Ground
Geocaulon lividum (Richards.) Fern.,northern bastard toadflax,"B, F, S",Ground
Geum aleppicum Jacq.,yellow avens,"F, M, S",Ground
Geum macrophyllum Willd.,large-leaved yellow avens,"F, M, S",Ground
Geum rivale L.,purple avens,"M, S",Ground
Glycyrrhiza lepidota (Nutt.) Pursh,wild licorice,M,Ground
Gnaphalium palustre Nutt.,marsh cudweed,M,Ground
Goodyera repens (L.) Brown. ex Ait.,lesser rattlesnake plantain,S,Ground
Gratiola neglecta Torr.,clammy hedge-hyssop,M,Ground
Gymnocarpium dryopteris (L.) Newm,oak fern,S,Ground
Hedysarum alpinum L.,alpine hedysarum,S,Ground
Helenium autumnale L.,sneezeweed,M,Ground
Helianthus maximilianii Schrad.,narrow-leaved sunflower,M,Ground
Helianthus nuttallii Torr. & Gray,common tall sunflower,M,Ground
Heliotropium curassavicum L.,spatulate-leaved heliotrope,M,Ground
Heracleum sphondylium ssp. montanum (Schleich.) Briq.,cow parsnip,"S, M",Ground
Hieracium umbellatum L.,narrow-leaved hawkweed,M,Ground
Hippuris vulgaris L.,common maretail,"F, M",Ground
Hypericum majus (Gray) Britt.,large Canada St. John's-wort,M,Ground
Impatiens capensis Meerb.,spotted touch-me-not,"M, S",Ground
Impatiens noli-tangere L.,western jewelweed,"M, S",Ground
Iris missouriensis Nutt.,western blue flag,M,Ground
Isoetes bolanderi Engelm.,Bolander's quillwort,M,Ground
Isoetes echinospora Durieu,northern quillwort,"M, W",Ground
Iva axillaris Pursh,povertyweed,M,Ground
Kochia scoparia (L.) Schrad.,summer-cypress,M,Ground
Lactuca biennis (Moench.) Fern.,tall blue lettuce,S,Ground
Lactuca serriola L.,prickly lettuce,M,Ground
Lathyrus ochroleucus Hook.,cream-coloured vetchling,S,Ground
Lemna minor L.,common duckweed,M,Ground
Lemna trisulca L.,ivy-leaved duckweed,M,Ground
Lepidium densiflorum Schrad.,common pepper-grass,M,Ground
Lilium philadelphicum L.,western wood lily,M,Ground
Limosella aquatica L.,mudwort,M,Ground
Linaria vulgaris Mill.,common toadflax,M,Ground
Lobelia dortmanna L.,water lobelia,M,Ground
Lobelia kalmii L.,Kalm's lobelia,M,Ground
Lomatogonium rotatum (L.) Fries. ex Fern.,marsh felwort,M,Ground
Lotus corniculatus L.,bird's-foot trefoil,M,Ground
Lycopodium annotinum L.,stiff club-moss,S,Ground
Lycopus americanus Muhl. ex Bart.,American water-horehound,"F, M, W",Ground
Lycopus asper Greene,western water-horehound,M,Ground
Lycopus uniflorus Michx.,northern water-horehound,"B, M, S",Ground
Lysimachia hybrida Michx.,lance-leaved yellow loosestrife,M,Ground
Lysimachia lanceolata Walt.,lance-leaved loosestrife,M,Ground
"Lysimachia maritima (L.) Galasso, Banfi & Soldano",sea milkwort,"F, M",Ground
Lysimachia thyrsiflora L.,tufted loosestrife,"B, F, M, S",Ground
Lythrum salicaria L.,purple loosestrife,"F, M",Ground
Maianthemum canadense Desf.,wild lily-of-the-valley,S,Ground
Maianthemum stellatum (L.) Link,star-flowered Solomon's-seal,"M, S",Ground
Maianthemum trifolium (L.) Sloboda,three-leaved Solomon’s-seal,"B, F, M, S",Ground
Marsilea vestita Hook. & Grev.,hairy pepperwort,"M, W",Ground
Matricaria discoidea DC,pineappleweed,M,Ground
Matteuccia struthiopteris (L.) Tod.,ostrich fern,"M, S",Ground
Melilotus officinalis (L.) Lam,yellow sweet-clover,M,Ground
Mentha arvensis L.,wild mint,"M, S",Ground
Mentha spicata L.,spearmint,M,Ground
Menyanthes trifoliata L.,buck-bean,"F, S",Ground
Mertensia paniculata (Ait.) Don,tall lungwort,S,Ground
Mitella nuda L.,bishop's-cap,"B, F, M, S",Ground
Moehringia lateriflora (L.) Fenzl.,blunt-leaved sandwort,S,Ground
Moneses uniflora (L.) Gray,one-flowered wintergreen,"B, S",Ground
Monolepis nuttalliana (Schult.) Greene,spear-leaved goosefoot,"F, M, W",Ground
Mulgedium oblongifolium (Nutt.) Reveal,blue lettuce,M,Ground
Muhlenbergia richardsonis (Trin.) Rydb.,mat muhly,M,Ground
Myriophyllum sibiricum Kom.,spike water-milfoil,"M, W",Ground
Myriophyllum verticillatum L.,water-milfoil,"F, M, W",Ground
Najas flexilis (Willd.) Rostk. & Schmidt,slender naiad,M,Ground
Nasturtium officinale Brown,water cress,M,Ground
Neottia cordata (L.) Rich.,heart-leaved twayblade,S,Ground
Nuphar lutea (L.) Sm.,yellow pond-lily,"F, M",Ground
Nymphaea tetragona Georgi,white water-lily,"F, M",Ground
Orthilia secunda (L.) House,one-sided wintergreen,"B, F, S",Ground
Osmorhiza longistylis (Torr.) DC.,smooth sweet cicely,S,Ground
Packera pauciflora (Pursh) A. & D. Löve,few-flowered ragwort,S,Ground
Packera paupercula (Michx.) Á. & D. Löve,balsam groundsel,S,Ground
Parnassia palustris L.,northern grass-of-Parnassus,"B, F, M, S",Ground
Pedicularis groenlandica Retz.,elephant's-head,"F, M",Ground
Pedicularis labradorica Wirsing,Labrador lousewort,B,Ground
Pedicularis macrodonta Richardson,muskeg lousewort,"B, F, M",Ground
Pedicularis parviflora Smith ex Rees.,swamp lousewort,"B, F, M",Ground
Penstemon procerus Dougl. ex Graham,slender blue beardtongue,F,Ground
Persicaria amphibia (L.) Gray,water smartweed,"M, S",Ground
Persicaria lapathifolia (L.) Gray,pale persicaria,"F, M, W",Ground
Petasites frigidus var frigidus (L.) Fr.,sweet coltsfoot,"F, M",Ground
Petasites frigidus var. palmatus (Aiton) Cronquist,palmate-leaved coltsfoot,"F, M, S",Ground
Petasites frigidus var. sagittatus,arrow-leaved coltsfoot,"F, M, S",Ground
Petasites frigidus var x vitifolius (Greene) Chern,vine-leaved coltsfoot,M,Ground
Physostegia parviflora Nutt ex. Gray,false dragonhead,M,Ground
Pinguicula villosa L.,small butterwort,"F, B",Ground
Plagiobothrys scouleri (Hook.&Arn.) Johnst.,Scouler's allocarya,M,Ground
Plantago eriopoda Torr.,saline plantain,M,Ground
Plantago maritima L.,sea-side plantain,"F, M",Ground
Platanthera dilatata (Pursh) Lindl.,tall white bog orchid,"B, F",Ground
Platanthera dilatata var. dilatata (Pursh) Lindl. ex L.C. Beck,tall white bog orchid,S,Ground
Platanthera hyperborea (L.) Lindl.,northern green bog orchid,"F, M, S",Ground
Platanthera obtusata ssp. obtusata (Banks ex Pursh) Lindl.,blunt-leaved bog orchid,"F, S",Ground
Platanthera orbiculata (Pursh) Lindl.,round-leaved bog orchid,"F, S",Ground
Polemonium acutiflorum Willd. ex. Roem & Schult.,tall Jacob's-ladder,M,Ground
Polygala paucifolia Willd.,fringed milkwort,S,Ground
Polygonum achoreum S.F. Blake,striate knotweed,"F, M",Ground
Polygonum erectum L.,striate knotweed,M,Ground
Polygonum ramosissimum Michx.,bushy knotweed,M,Ground
Potamogeton foliosus Raf.,leafy pondweed,"F, M, W",Ground
Potamogeton friesii Rupr.,Fries’ pondweed,"F, M, W",Ground
Potamogeton gramineus L.,various-leaved pondweed,"M, W",Ground
Potamogeton natans L.,floating-leaf pondweed,"F, M, W",Ground
Potamogeton praelongus Wulf.,white-stem pondweed,"F, M, W",Ground
Potamogeton pusillus L.,small-leaf pondweed,W,Ground
Potamogeton richardsonii (Benn.) Rydb.,clasping-leaf pondweed,M,Ground
Potamogeton zosteriformis Fernald,flat-stemmed pondweed,"F, M, W",Ground
Potentilla anserina (L.) Rydb.,silverweed,"F, M",Ground
Potentilla gracilis Douglas ex. Hook.,graceful cinquefoil,M,Ground
Potentilla norvegica L.,rough cinquefoil,"F, M, S",Ground
Potentilla rivalis Nutt.,brook cinquefoil,M,Ground
Primula incana Jones,mealy primrose,M,Ground
Primula pauciflora var. pauciflora (Greene) Mast & Reveal,pretty shooting star,"B, M, S",Ground
Pyrola minor L.,lesser wintergreen,"F, S",Ground
Ranunculus abortivus L.,small-flowered buttercup,"M, S",Ground
Ranunculus acris L.,tall buttercup,M,Ground
Ranunculus aquatilis var. diffusus With.,large-leaved white water crowfoot,"M, W",Ground
Ranunculus cymbalaria Pursh,seaside buttercup,M,Ground
Ranunculus flammula L.,creeping spearwort,"F, M, W",Ground
Ranunculus gmelinii De Candolle,yellow water crowfoot,"B, F, M, S",Ground
Ranunculus lapponicus L.,Lapland buttercup,"M, S",Ground
Ranunculus macounii Britt.,Macoun's buttercup,"F, M",Ground
Ranunculus pensylvanicus L. f.,bristly buttercup,"F, M, W",Ground
Ranunculus sceleratus L.,celery-leaved buttercup,M,Ground
Rorippa palustris (L.) Besser,marsh yellow cress,"B, F, M, W",Ground
Rubus arcticus L.,dwarf-raspberry,"B, F, M, S",Ground
Rubus chamaemorus L.,cloudberry,"B, F, S",Ground
Rubus pubescens Raf.,dewberry,"B, F, M, S",Ground
Rumex britannica L.,water dock,"M, S",Ground
Rumex crispus L.,curled dock,"M, S",Ground
Rumex maritimus L.,golden dock,"F, M, W",Ground
Rumex triangulivalvis (Danser) Rech. f.,narrow-leaved field dock,M,Ground
Ruppia cirrhosa (Petagna) Grande,widgeon-grass,"M, W",Ground
Sagittaria cuneata Sheld.,arum-leaved arrowhead,M,Ground
Sagittaria latifolia Willd.,broad-leaved arrowhead,M,Ground
Salicornia rubra A. Nels.,samphire,M,Ground
Solidago gigantea Aiton,late goldenrod,M,Ground
Salsola kali L.,Russian-thistle,M,Ground
Sanicula marilandica L.,snakeroot,S,Ground
Sarracenia purpurea L.,pitcher-plant,"B, F, S",Ground
Scheuchzeria palustris L.,scheuchzeria,"B, F",Ground
Scutellaria galericulata L.,marsh skullcap,"F, M, S",Ground
Senecio congestus (R. Br.) DC,marsh ragwort,M,Ground
Senecio eremophilus Richardson,cut-leaved ragwort,M,Ground
Sinapis arvensis L.,wild mustard,M,Ground
Sisyrinchium montanum Greene,common blue-eyed grass,"F, M, W",Ground
Sium suave Walter,common waterparsnip,"F, M",Ground
Solidago canadensis L.,Canada goldenrod,"M, S",Ground
Sonchus arvensis L.,perennial sow-thistle,"M, S",Ground
Sonchus asper (L.) Hill,prickly annual sow-thistle,M,Ground
Spergularia salina J. & K. Presl,salt-marsh sand spurry,"B, F, M",Ground
Spiranthes romanzoffiana Cham.,hooded ladies'-tresses,"B, F, M, S",Ground
Stachys palustris L.,marsh hedge-nettle,M,Ground
Stellaria calycantha (Ledeb.) Bong.,northern stitchwort,"F, M, S, W",Ground
Stellaria crassifolia Ehrh.,fleshy stitchwort,"F, M",Ground
Stellaria longifolia Muhl. ex Willd.,long-leaved chickweed,"F, M, S",Ground
Stellaria longipes Goldie,long-stalked chickweed,M,Ground
Streptopus lanceolatus var. roseus (Michx.) Reveal,rose mandarin,S,Ground
Stuckenia filiformis (Pers.) Börner,thread-leaved pondweed,M,Ground
Stuckenia pectinata (L.) Börner,sago pondweed,"M, W",Ground
Stuckenia vaginata (Turcz.) Holub,large-sheath pondweed,W,Ground
Suaeda calceoliformis (Hook.) Moq.,western seablite,M,Ground
Suckleya suckleyana (Torr.) Rydb.,poison suckleya,"F, M, W",Ground
Symphyotrichum boreale (Torr. & Gray) A. & D. Löve,marsh aster,"F, M, W",Ground
Symphyotrichum ciliatum (Ledeb.) Nesom,rayless aster,M,Ground
Symphyotrichum ciliolatum (Lindl.) A. & D. Löve,Lindley's aster,"M, S",Ground
Symphyotrichum ericoides (L.) Nesom,tufted white prairie aster,M,Ground
Symphyotrichum lanceolatum (Willd.) Nesom,western willow aster,M,Ground
Symphyotrichum puniceum (L.) Á. & D. Löve,purple-stemmed aster,"F, M, S, W",Ground
Symphyotrichum puniceum var. puniceum (L.) Á. & D. Löve,purple-stemmed aster,"M, S",Ground
Tanacetum vulgare L.,common tansy,M,Ground
Taraxacum officinale Weber ex Wiggers,common dandelion,"M, S",Ground
Taraxacum erythospermum Andrz.,red-seeded dandelion,M,Ground
Thalictrum dasycarpum Fisch. & Ave-Lall.,tall meadow rue,S,Ground
Thalictrum venulosum Trel.,veiny meadow rue,S,Ground
Thlaspi arvense L.,stinkweed,M,Ground
Triantha glutinosa (Michx.) Baker,sticky false asphodel,"M, F, S",Ground
Trientalis borealis Raf.,northern starflower,"S, M",Ground
Trientalis europaea L.,Arctic starflower,"F, S",Ground
Trifolium hybridum L.,alsike clover,M,Ground
Trifolium repens L.,white clover,M,Ground
Triglochin maritima L.,seaside arrow-grass,"F, M",Ground
Triglochin palustris L.,slender arrow-grass,"F, S, M",Ground
Urtica dioica L.,common nettle,"F, S, M",Ground
Urtica urens L.,small nettle,M,Ground
Utricularia cornuta Michx.,horned bladderwort,"M, W",Ground
Utricularia intermedia Hayne,flat-leaved bladderwort,"F, M, S, W",Ground
Utricularia minor L.,small bladderwort,"F, M, S, W",Ground
Utricularia vulgaris L.,common bladderwort,"F, M, W",Ground
Valeriana dioica L.,northern valerian,"F, M, W",Ground
Veronica americana Schwein. ex Benth.,American brooklime,M,Ground
Veronica anagallis-aquatica L.,speedwell,"F, M",Ground
Veronica peregrina L.,hairy speedwell,M,Ground
Veronica scutellata L.,marsh speedwell,"F, M. W",Ground
Vicia americana Muhl. ex Willd.,wild vetch,"F, M, S",Ground
Viola sororia var. affinis (Leconte) McKinney,bog violet,"B, F, M",Ground
Viola macloskeyi Lloyd,MacIoskeyi's violet,M,Ground
Viola palustris L.,marsh violet,"M, S",Ground
Viola renifolia Gray,kidney-leaved violet,"F, S",Ground
Wolffia borealis (Engelm ex. Hegelm) Landolt & Wild.,northern ducksmeal,"M, W",Ground
Wolffia columbiana Karst,watermeal,"M, W",Ground
Xanthium strumarium L.,cocklebur,W,Ground
Zannichellia palustris L.,horned pondweed,"M, W",Ground
Zizia aptera (A. Gray) Fernald,heart-leaved Alexanders,M,Ground
Acorus americanus (Raf.) Raf.,sweet flag,M,Ground
Agrostis scabra Willd.,rough hair grass,"F, M, S",Ground
Agrostis stolonifera L.,redtop,"M, S",Ground
Alopecurus aequalis Sobol.,short-awned foxtail,M,Ground
Alopecurus pratensis L.,meadow foxtail,"M, S",Ground
Amphiscirpus nevadensis (S. Watson) Oteng-Yeb.,Nevada bulrush,M,Ground
Beckmannia syzigachne (Steud.) Fernald,sloughgrass,M,Ground
Bolboschoenus maritimus ssp. paludosus (Nelson)Koyama,prairie bulrush,M,Ground
Bromus ciliatus L.,fringed brome,"F, M, S",Ground
Bromus inermis Leyss.,smooth brome,M,Ground
Calamagrostis canadensis (Michx.) Beauv.,bluejoint,"F, M, S",Ground
Calamagrostis stricta ssp.inexpansa (Gray) Greene,northern reed grass,"F, M, S",Ground
Carex aquatilis Wahlenb.,water sedge,"F, M, S",Ground
Carex atherodes Spreng.,awned sedge,"F, M",Ground
Carex aurea Nutt.,golden sedge,"B, F, M, S",Ground
Carex bebbii Olney ex Fernald,Bebb’s sedge,"F, M, S",Ground
Carex brevior (Dewery) Mack ex Lunell,slender-beaked sedge,"B, F, M",Ground
Carex brunnescens (Pers.) Poir.,brownish sedge,"B, F, M, S",Ground
Carex buxbaumii Wahlenb.,brown sedge,"F, M",Ground
Carex canescens L.,hoary sedge,"B, F, M, S",Ground
Carex capillaris L.,hairlike sedge,"B, F, M, S",Ground
Carex chordorrhiza Ehrh. ex L. f.,prostrate sedge,"B, F, M, S",Ground
Carex crawfordii Fernald,Crawford's sedge,M,Ground
Carex diandra Schrank,two-stamened sedge,"F, M, S",Ground
Carex disperma Dewey,soft-leaf sedge,"B, F, S",Ground
Carex deweyana Schwein,Dewey's sedge,S,Ground
Carex gynocrates Wormsk. ex Drej,northern bog sedge,"B, F, M, S",Ground
Carex heleonastes L. f.,Hudson Bay sedge,"B, F, M, S",Ground
Carex interior Bailey,inland sedge,"F, M, S",Ground
Carex lacustris Willd.,lakeshore sedge,"F, M, S",Ground
Carex lasiocarpa Ehrh.,hairy-fruited sedge,"B, F, M, S",Ground
Carex leptalea Wahlenb.,bristle-stalked sedge,"B, F, S",Ground
Carex limosa L.,mud sedge,"F, M, S",Ground
Carex livida (Wahlenb.) Willd.,livid sedge,"B, M, F",Ground
Carex loliacea L.,rye-grass sedge,M,Ground
Carex magellanica ssp. irrigua (Wahlenb.) Hultén,bog sedge,"B, F, M",Ground
Carex oligosperma Michx.,few-fruited sedge,"B, M, F",Ground
Carex pauciflora Lightf.,few-flowered sedge,"B, F, M, S",Ground
Carex pellita Muhl. ex Willd.,woolly sedge,M,Ground
Carex praegracilis Boott,graceful sedge,"F, M",Ground
Carex prairea Dewey ex Wood,prairie sedge,"F, M, S",Ground
Carex praticola Rydb.,meadow sedge,"M, S",Ground
Carex pseudocyperus L.,cyperus-like sedge,"B, F",Ground
Carex retrorsa Schwein.,turned sedge,"F, M",Ground
Carex rostrata Stokes,beaked sedge,"F, S",Ground
Carex sartwellii Dewey,Sartwell sedge,M,Ground
Carex saxatilis L.,rocky-ground sedge,M,Ground
Carex stipata Muhl. ex Willd.,awl-fruited sedge,"M, S",Ground
Carex sychnocephala Carey,long-beaked sedge,M,Ground
Carex tenera Dewey,broad-fruited sedge,"B, F, M, S",Ground
Carex tenuiflora Wahlenb.,thin-flowered sedge,"B, M, S",Ground
Carex torreyi Tuck,Torrey's sedge,M,Ground
Carex trisperma Dewey,three-seeded sedge,"B, F, M, S",Ground
Carex utriculata Boott,small bottle sedge,"B, F, M",Ground
Carex vaginata Tausch,sheathed sedge,"B, F, M, S",Ground
Carex viridula Michx.,green sedge,M,Ground
Carex vulpinoidea Michx.,fox sedge,M,Ground
Catabrosa aquatica (L.) Beauv.,brook grass,M,Ground
Cinna latifolia (Trev. ex Goepp.) Griseb.,drooping wood-reed,S,Ground
Deschampsia cespitosa (L.) Beauv.,tufted hairgrass,"B, F, M",Ground
Dichanthelium acuminatum (Sw.) Gould & Clark,hot-springs millet,M,Ground
Distichlis spicata ssp. stricta (Torr.) Beetle,Inland saltgrass,M,Ground
Eleocharis acicularis (L.) Roemer & Schult.,needle spikerush,M,Ground
Eleocharis engelmannii Steud.,Engelmann’s spike-rush,M,Ground
Eleocharis palustris (L.) Roemer & Schult.,creeping spike-rush,M,Ground
Eleocharis quinqueflora (Hartmann) Schwarz.,few-flowered spike-rush,M,Ground
Eleocharis tenuis (Willd.) Schulz,slender spike-rush,F,Ground
Elymus canadensis L.,Canada wild rye,M,Ground
Elymus repens (L.) Gould,quackgrass,M,Ground
Elymus trachycaulus (Link) Gound ex Shinners,slender wheatgrass,M,Ground
Eriophorum angustifolium Honck.,narrowleaf cottongrass,"B, F, M, S",Ground
Eriophorum brachyantherum Trautv. & Mey,close-sheathed cotton grass,M,Ground
Eriophorum chamissonis Mey.,russet cotton grass,"B, F, M, S",Ground
Eriophorum gracile Koch,slender cottongrass,"F, M, S",Ground
Eriophorum scheuchzeri Hoppe,one-spike cottongrass,"B, F, M, S",Ground
Eriophorum vaginatum L.,sheathed cottongrass,"B, F, S",Ground
Glyceria borealis (Nash) Batch.,northern manna grass,M,Ground
Glyceria grandis S. Wats.,common tall mannagrass,M,Ground
Glyceria pulchella (Nash) Schum.,graceful manna grass,M,Ground
Glyceria striata (Lam.) Hitchc.,fowl manna grass,"F, M, S",Ground
Hordeum jubatum L.,foxtail barley,M,Ground
Juncus alpinoarticulatus Chaix,alpine rush,M,Ground
Juncus balticus Willd.,wire rush,M,Ground
Juncus brevicaudatus (Engelm) Fernald.,short-tailed rush,M,Ground
Juncus bufonius L.,toad rush,M,Ground
Juncus longistylis Torr.,long-styled rush,M,Ground
Juncus nodosus L.,knotted rush,M,Ground
Juncus tenuis Willd.,slender rush,M,Ground
Juncus torreyi Coville,Torrey’s rush,M,Ground
Juncus vaseyi Engelm.,big-head rush,M,Ground
Muhlenbergia asperifolia (Nees & Meyen ex Trin.) Parodi,scratch grass,M,Ground
Muhlenbergia glomerata (Willd.) Trin.,bog muhly,"B, F, M, S",Ground
Panicum capillare L.,witch grass,M,Ground
Phalaris arundinacea L.,reed canary grass,M,Ground
Phalaris canariensis L.,canary grass,M,Ground
Phleum pratense L.,timothy,M,Ground
Phragmites australis (Cav.) Trin. ex Steud.,reed,"M, S",Ground
Poa palustris L.,fowl bluegrass,"F, M, S",Ground
Poa pratensis L.,Kentucky bluegrass,M,Ground
Puccinellia distans (Jacq.) Parl.,slender salt-meadow grass,M,Ground
Puccinellia nuttalliana (Schult.) Hitchc.,Nuttall’s salt-meadow grass,M,Ground
Rhynchospora capillacea Torr.,slender beak-rush,M,Ground
Schizachne purpurascens (Torr.) Swallen,purple oat grass,S,Ground
Schoenoplectus acutus var. acutus (Muhl. ex Bigelow),great bulrush,M,Ground
Schoenoplectus heterochaetus,slender bulrush,M,Ground
Schoenoplectus pungens var. pungens (Vahl) Palla,three-square rush,M,Ground
Schoeoplectus tabernaemontani (Gmel.) Palla,common great bulrush,M,Ground
Scirpus cyperinus (L.) Kunth,wool-grass,M,Ground
Scirpus microcarpus J. & K. Presl,small-fruited bulrush,M,Ground
Scolochloa festucacea (Willd.) Link,spangletop,M,Ground
Sparganium angustifolium Michx.,narrow-leaved bur-reed,"F, M, W",Ground
Sparganium eurycarpum Engelm. ex Gray,giant bur-reed,M,Ground
Scientific Name –ITIS (2014),Common Name ACMIS (2013),Wetland Classes,Ground
Sparganium natans L.,slender bur-reed,M,Ground
Spartina gracilis Trin.,alkali cordgrass,M,Ground
Spartina pectinata Line,prairie cord grass,M,Ground
Trichophorum alpinum (L.) Pers.,Hudson Bay bulrush,"F, M",Ground
Trichophorum aespitosum (L.) Hartm.,tufted bulrush,"B, F, M",Ground
Trichophorum clintonii (Gray) Sm.,Clinton's bulrush,M,Ground
Typha latifolia L.,common cattail,"F, M",Ground
Zizania palustris L.,wild rice,"M, W",Ground
Aulacomnium palustre (Hedw.) Schwaegr.,tufted moss,"B, F, S",Moss
Amblystegium serpens (Hedw.) Schimp. In B.S.G.,moss,"F, S",Moss
Anomodon minor (Hedw.) Furnr.,moss,F,Moss
Brachythecium campestre (Mull.) Schimp. in B.S.G.,moss,"B, F",Moss
Brachythecium mildeanum (Schimp.) Schimp. ex Milde,moss,F,Moss
Brachythecium turgidum (Hartm.) Kindb.,moss,"B, F, S",Moss
Bryum pseudotriquetrum (Hedw.) Gaertn. et al.,moss,"B, F, S",Moss
Calliergon cordifolium (Hedw.) Kindb.,moss,F,Moss
Calliergon trifarium (Web. & Mohr.) Kindb.,moss,F,Moss
Calliergon giganteum (Schimp.) Kindb.,giant calliergon moss,F,Moss
Calliergon richardsonii (Mitt.) Kindb. in Warnst.,brown moss,"F, S",Moss
Calliergon stramineum (Brid.) Kindb.,brown moss,"F, S",Moss
Calliergon trifarium (Web. & Mohr.) Kindb.,moss,F,Moss
Calliergonella cuspidata (Hedw.) Loeske,moss,F,Moss
Campylium chrysophyllum (Brid.) Lange,moss,"F, S",Moss
Campylium polygamum (Schimp. in B.S.G.) Jens.,moss,F,Moss
Campylium stellatum (Hedw.) C. Jens.,yellow starry fen moss,F,Moss
Ceratodon purpureus (Hedw.) Brid.,purple horn-toothed moss,"F, S",Moss
Cinclidium stygium Sw. in Schrad.,moss,"B, F, S",Moss
Climacium dendroides (Hedw.) Web. & Mohr,moss,"F, S",Moss
Dicranum fragilifolium Lindb.,cushion moss,"B, F",Moss
Distichium capillaceum (Hedw.) Bruch.& Schimp. in B.S.G.,moss,S,Moss
Distichium inclinatum (Hedw.) Bruch.& Schimp. in B.S.G.,inclined-fruited didymodon,"F, S",Moss
Drepanocladus aduncus (Hedw.) Warnst.,aduncus brown moss,"F, M, S",Moss
Eurhynchium pulchellum (Hedw.) Jen.,moss,B,Moss
Hamatocaulis lapponicus (Norrl.) Hedenäs,hamatocaulis moss,F,Moss
Drepanocladus sendtneri (Schimp.) Warnst.,brown moss,F,Moss
Hamatocaulis vernicosus (Mitt.) Hedenäs,hamatocaulis brown moss,F,Moss
Helodium blandowii (Web. & Mohr.) Warnst.,Blandow's feathermoss,"B, F, S",Moss
Hylocomium splendens (Hedw) Schimp in BSG,stair-step moss,"B, F, S",Moss
Hypnum lindbergii Mitt.,moss,"B, F",Moss
Hypnum pallescens (Hedw.) Beauv.,moss,"B, F, S",Moss
Hypnum pratense (Rabenh) Koch ex Spruce,moss,"F, S",Moss
Isopterygium pulchellum (Hedw.) Jaeg.,moss,"B, S",Moss
Leptobryum pyriforme (Hedw.) Wils.,moss,"B, F, S",Moss
Leptodictyum riparium (Hedw.) Warnst.,streamside leptodictyum moss,"F, S",Moss
Limprichtia revolvens (Sw.) Loeske,limprichtia brown moss,F,Moss
Meesia triquetra (Richt.) Ĺngstr.,three-angled thread-moss,"F, S",Moss
Meesia uliginosa Hedw.,moss,"F, S",Moss
Myurella julacea (Schwaegr.) Schimp. in B.S.G.,moss,"F, S",Moss
Oncophorus wahlenbergii Brid.,mountain curved-back moss,"F, S",Moss
Orthotrichum speciosum Nees in Sturm,moss,"F, S",Moss
Paludella squarrosa (Hedw.) Brid.,moss,F,Moss
Plagiomnium cuspidatum (Hedw.) Kop.,moss,"F, S",Moss
Plagiomnium ellipticum (Brid.) Kop.,moss,"B, F, S",Moss
Plagiomnium medium (Bruch & Schimp. in B.S.G.) Kop.,moss,"B, F, S",Moss
Pleurozium schreberi (Brid.) Mitt.,Schreber's moss,"B, F, S",Moss
Pohlia nutans (Hedw.) Lindb.,copper wire moss,"B, F, S",Moss
Polytrichum commune Hedw.,common hair-cap,"B, F, S",Moss
Polytrichum strictum Brid.,slender haircap-moss,"B, F, S",Moss
Pseudobryum cinclidioides (Hub.) Kop.,moss,"B, F, S",Moss
Ptilium crista-castrensis (Hedw.) De Not.,knight's plume moss,"B, F, S",Moss
Pylaisiella polyantha (Hedw.) Grout,moss,"F, S",Moss
Rhytidiadelphus triquetrus (Hedw.) Warnst.,red-stemmed pipecleaner moss,"F, S",Moss
Rhizomnium gracile Kop.,fringed bog moss,"F, S",Moss
Rhizomnium pseudopunctatum (Brusch & Shimp) Kop.,moss,"B, F, S",Moss
Sanionia uncinata var. uncinata (Hedw.) Loeske,hook moss,F,Moss
Scorpidium scorpioides (Hedw.) Limpr.,scorpidium moss,F,Moss
Scorpidium turgescens (Jens.) Loeske,moss,F,Moss
Sphagnum angustifolium (Jens. ex Russ) Jens.inTolf,poor-fen sphagnum; peat moss,"B, F, S",Moss
Sphagnum balticum (Russ.) Jens.,balticum peat moss,"B, F",Moss
Sphagnum capillifolium (Ehrh.) Hedw.,acute-leaved peat moss,"B, F, S",Moss
Sphagnum centrale Jens in Arnell & Jens,peat moss,"B, F",Moss
Sphagnum contortum Shultz,twisted bog moss,"B, F",Moss
Sphagnum fallax (Klinggr.) Klinggr.,peat moss,"B, F",Moss
Sphagnum fimbriatum Wils. in Wils. & Hook. f. in Hook.,shore-growing peat moss,"B, F",Moss
Sphagnum fuscum (Schimp.) Klinggr.,rusty peat moss,"B, F, S",Moss
Sphagnum girgensohnii Russ.,Girgensohn's moss,"B, F, S",Moss
Sphagnum jensenii Lindb.,pendant branch peat moss,"B, F",Moss
Sphagnum lindbergii Shimp. in Lindb.,Lindberg's bog moss,"B, F",Moss
Sphagnum majus (Russ.) C. Jens.,peat moss,F,Moss
Sphagnum magellanicum Brid.,midway peat moss,"B, F",Moss
Sphagnum obtusum Warnst.,blunt-leaved peat moss,"B, F",Moss
Sphagnum riparium Ĺngstr.,shore-growing peat moss,F,Moss
Sphagnum russowii Warnst.,wide-tongued peat moss,F,Moss
Sphagnum squarrosum Crome,squarrose peat moss,"F, S",Moss
Sphagnum subsecundum Nees in Sturm,twisted bog moss,"B, F",Moss
Sphagnum teres (Schimp.) Ĺngström in Hartm.,thin-leaved peat moss,F,Moss
Sphagnum warnstorfii Russ.,Warnstorf's sphagnum,"F, S",Moss
Splachnum ampullaceum Hedw.,flagon-fruited splachnum,B,Moss
Splachnum rubrum Hedw.,red collar moss,B,Moss
Splachnum sphaericum Hedw.,globe-fruited splachnum,B,Moss
Splachnum vasculosum Hedw.,large-fruited splachnum,B,Moss
Tetraphis pellucida Hedw.,moss,"B, F, S",Moss
Tetraplodon angustatus (Hedw.) Bruch&Schimp in BSG,narrow-leaved splachnum,"B, F, S",Moss
Thuidium recognitum (Hedw.) Lindb.,moss,"B, F, S",Moss
Tomentypnum falcifolium (Ren. ex Nichols) Tuom in Ahti&Fagers.,golden moss,"B, F",Moss
Tomentypnum nitens (Hedw.) Loeske,golden moss,F,Moss
Rhytidiadelphus triquetrus (Hedw.) Warnst.,red-stemmed pipecleaner moss,"F, S",Moss
Warnstorfia exannulata (Schimp in B.S.G.)Loeske,Brown moss,"B, F, S",Moss
Warnstorfia fluitans (Hedw.) Loeske,warnstorfia peat moss,"B, F, S",Moss
Warnstorfiia tundrae (Arnell) Loeske,moos,F,Moss
Aneura pinguis (L.) Dumort,liverwort,"F, S",Moss
Blepharostoma trichophyllum (L.) Dum.,liverwort,"F, S",Moss
Calypogeia sphagnicola (H. Arnell & Perss.) Warnst & Loeske,liverwort,"F, S",Moss
Cephalozia connivens (Dicks.) Lindb.,liverwort,"B, F, S",Moss
Cephalozia lunulifolia (Dum.) Dum.,liverwort,F,Moss
Cephalozia pleniceps (Aust.) Lindb.,liverwort,F,Moss
Geocalyx graveolens (Schrad.) Nees,liverwort,"F, S",Moss
Jamesoniella autumnalis (Decandolle) Steph.,liverwort,"B, F, S",Moss
Lepidozia reptans (L.) Dum.,liverwort,"B, F, S",Moss
Lophocolea heterophylla (Schrad.) Dum.,liverwort,"F, S",Moss
Lophocolea minor Nees,liverwort,F,Moss
Lophozia grandiretis (Lindb.) Schiffn.,liverwort,B,Moss
Lophozia guttulata (Lindb. et Arnell) Evans,liverwort,"B, F",Moss
Lophozia rutheana (Limpre.) Mull. Frib,liverwort,"B, F",Moss
Lophozia ventricosa (Dicks.) Dum.,liverwort,"B, F",Moss
Marchantia polymorpha L.,green tongue liverwort,"B, F, M, S",Moss
Moerckia hibernica (Hook.) Gottsche,liverwort,"B, F",Moss
Mylia anomala (Hook.) S. Gray,liverwort,"B, F, S",Moss
Pellia endiviifolia (Dicks.) Dumort.,liverwort,S,Moss
Plagiochila asplenioides (L.) Dum.,liverwort,"B, F, S",Moss
Plagiochila porelloides (Torrey ex Nees) Lindenb.,liverwort,F,Moss
Porella platyphylla (L.) Pfeiff,liverwort,"S, B",Moss
Ptilidium ciliare (Li.) Nees,liverwort,"B, F, S",Moss
Ptilidium pulcherrimum (Web.) Hampe,liverwort,"B, F, S",Moss
Radula complanata (L.) Dum.,liverwort,"F, M, S",Moss
Riccia fluitans L.,crystalwort,"M, W",Moss
Riccardia multifida (L.) Gray,liverwort,S,Moss
Ricciocarpos natans (L.) Corda,purple-fringed heartwort,"F, M, W",Moss
Scapania paludosa (Mull.) Mull.,liverwort,B,Moss
